full_name,birthday,birthday_GMT,league,season,position,Current Club,minutes_played_home,minutes_played_away,nationality,appearances_home,appearances_away,age,minutes_played_overall,appearances_overall,goals_overall,assists_overall,penalty_goals,penalty_misses,conceded_overall,yellow_cards_overall,red_cards_overall,goals_involved_per_90_overall,assists_per_90_overall,goals_per_90_overall,clean_sheets_overall,rank,goals_home,goals_away,assists_home,assists_away,clean_sheets_home,clean_sheets_away,conceded_home,conceded_away,goals_per_90_home,goals_per_90_away,min_per_goal_overall,conceded_per_90_overall,min_per_conceded_overall,min_per_match,min_per_card_overall,min_per_assist_overall,cards_per_90_overall,rank_in_club_top_scorer,rank_frac,rank_in_league_top_Strikers,rank_in_league_top_Strikers,rank_in_league_top_attackers
Stefan Marius Johansen,663292800,08-01-91,Premier League,2018/2019,Striker,Fulham,130,282,Norway,5,7,30,412,12,0,0,0,0,11,4,0,0,0,0,0,-1,0,0,0,0,0,0,1,10,0,0,0,2.4,37,34,103,0,0.87,24,-1,-1,401,318
Kevin McDonald,594604800,04-11-88,Premier League,2018/2019,Striker,Fulham,399,443,Scotland,8,7,32,842,15,0,0,0,0,25,6,1,0,0,0,0,-1,0,0,0,0,0,0,12,13,0,0,0,2.67,34,56,140,0,0.64,25,-1.727272727,-1,410,317
Sebastian Prödl,551232000,21-06-87,Premier League,2018/2019,Striker,Watford,0,13,Austria,0,1,33,13,1,0,0,0,0,0,0,0,0,0,0,1,1,0,0,0,0,0,1,0,0,0,0,0,0,0,13,0,0,0,22,1,-1,-1,-1
James McCarthy,658368000,12-11-90,Premier League,2018/2019,Striker,Everton,14,0,Republic of Ireland,1,0,30,14,1,0,0,0,0,0,0,0,0,0,0,1,1,0,0,0,0,1,0,0,0,0,0,0,0,0,14,0,0,0,22,1,-1,-1,-1
Emerson Hyndman,829008000,09-04-96,Premier League,2018/2019,Striker,AFC Bournemouth,0,37,USA,0,1,25,37,1,0,0,0,0,2,0,0,0,0,0,0,1,0,0,0,0,0,0,0,2,0,0,0,4.86,19,37,0,0,0,14,0.181818182,-1,-1,-1
Demeaco Duhaney,908236800,13-10-98,Premier League,2018/2019,Striker,Huddersfield Town,46,0,England,1,0,22,46,1,0,0,0,0,0,0,0,0,0,0,1,1,0,0,0,0,1,0,0,0,0,0,0,0,0,46,0,0,0,17,1,-1,-1,-1
Fousseni Diabaté,813974400,18-10-95,Premier League,2018/2019,Striker,Leicester City,0,55,Mali,0,1,25,55,1,0,0,0,0,1,0,0,0,0,0,0,1,0,0,0,0,0,0,0,1,0,0,0,1.64,55,55,0,0,0,22,0.090909091,-1,-1,-1
John Ruddy,530496000,24-10-86,Premier League,2018/2019,Striker,Wolverhampton Wanderers,90,0,England,1,0,34,90,1,0,0,0,0,0,0,0,0,0,0,1,1,0,0,0,0,1,0,0,0,0,0,0,0,0,90,0,0,0,17,1,-1,-1,-1
Julián Speroni,295833600,18-05-79,Premier League,2018/2019,Striker,Crystal Palace,0,90,Argentina,0,1,41,90,1,0,0,0,0,3,0,0,0,0,0,0,1,0,0,0,0,0,0,0,3,0,0,0,3,30,90,0,0,0,15,0.272727273,-1,-1,-1
Joel Coleman,812073600,26-09-95,Premier League,2018/2019,Striker,Huddersfield Town,0,90,England,0,1,25,90,1,0,0,0,0,1,0,0,0,0,0,0,1,0,0,0,0,0,0,0,1,0,0,0,1,90,90,0,0,0,16,0.090909091,-1,-1,-1
Fraser Forster,574560000,17-03-88,Premier League,2018/2019,Striker,Southampton,0,90,England,0,1,33,90,1,0,0,0,0,3,0,0,0,0,0,0,1,0,0,0,0,0,0,0,3,0,0,0,3,30,90,0,0,0,29,0.272727273,-1,-1,-1
Kayne Ramsey,971136000,10-10-00,Premier League,2018/2019,Striker,Southampton,90,0,England,1,0,20,90,1,0,0,0,0,3,0,0,0,0,0,0,1,0,0,0,0,0,0,3,0,0,0,0,3,30,90,0,0,0,19,0.272727273,-1,-1,-1
Loïc Damour,663292800,08-01-91,Premier League,2018/2019,Striker,Cardiff City,4,17,France,1,1,30,21,2,0,0,0,0,2,0,0,0,0,0,0,1,0,0,0,0,0,0,0,2,0,0,0,8.57,11,11,0,0,0,15,0.181818182,-1,-1,-1
Angel Gomes,967680000,31-08-00,Premier League,2018/2019,Striker,Manchester United,25,0,England,2,0,20,25,2,0,0,0,0,1,0,0,0,0,0,0,1,0,0,0,0,0,0,1,0,0,0,0,3.6,25,13,0,0,0,19,0.090909091,-1,-1,-1
Abdelhamid Sabiri,849139200,28-11-96,Premier League,2018/2019,Striker,Huddersfield Town,0,49,Morocco,0,2,24,49,2,0,0,0,0,3,0,0,0,0,0,0,1,0,0,0,0,0,0,0,3,0,0,0,5.51,16,25,0,0,0,22,0.272727273,-1,-1,-1
Matty Daly,984182400,10-03-01,Premier League,2018/2019,Striker,Huddersfield Town,49,24,England,1,1,20,73,2,0,0,0,0,1,0,0,0,0,0,0,1,0,0,0,0,0,0,1,0,0,0,0,1.23,73,37,0,0,0,18,0.090909091,-1,-1,-1
Marc Navarro Ceciliano,804643200,02-07-95,Premier League,2018/2019,Striker,Watford,0,84,Spain,0,2,25,84,2,0,0,0,0,2,0,0,0,0,0,0,1,0,0,0,0,0,0,0,2,0,0,0,2.14,42,42,0,0,0,15,0.181818182,-1,-1,-1
Alberto Moreno,710294400,05-07-92,Premier League,2018/2019,Striker,Liverpool,90,65,Spain,1,1,28,155,2,0,0,0,0,2,0,0,0,0,0,0,1,0,0,0,0,0,0,1,1,0,0,0,1.16,78,78,0,0,0,17,0.181818182,-1,-1,-1
Fabricio Martín Agosto Ramírez,567907200,31-12-87,Premier League,2018/2019,Striker,Fulham,90,90,Spain,1,1,33,180,2,0,0,0,0,5,0,0,0,0,0,0,1,0,0,0,0,0,0,2,3,0,0,0,2.5,36,90,0,0,0,13,0.454545455,-1,-1,-1
Michel Vorm,435456000,20-10-83,Premier League,2018/2019,Striker,Tottenham Hotspur,90,90,Netherlands,1,1,37,180,2,0,0,0,0,4,0,0,0,0,0,0,1,0,0,0,0,0,0,2,2,0,0,0,2,45,90,0,0,0,22,0.363636364,-1,-1,-1
Ibrahima Cissé,762393600,28-02-94,Premier League,2018/2019,Striker,Fulham,9,78,Belgium,1,2,27,87,3,0,0,0,0,3,0,0,0,0,0,0,1,0,0,0,0,0,0,0,3,0,0,0,3.1,29,29,0,0,0,20,0.272727273,-1,-1,-1
Mason Greenwood,1001894400,01-10-01,Premier League,2018/2019,Striker,Manchester United,105,10,England,2,1,19,115,3,0,0,0,0,2,0,0,0,0,0,0,1,0,0,0,0,0,0,2,0,0,0,0,1.57,58,38,0,0,0,27,0.181818182,-1,-1,-1
Carl Jenkinson,697507200,08-02-92,Premier League,2018/2019,Striker,Arsenal,166,0,England,3,0,29,166,3,0,0,0,0,2,0,0,0,0,0,0,1,0,0,0,0,0,0,2,0,0,0,0,1.08,83,55,0,0,0,18,0.181818182,-1,-1,-1
Christian Fuchs,513216000,07-04-86,Premier League,2018/2019,Striker,Leicester City,90,116,Austria,1,2,34,206,3,0,0,0,0,4,0,0,0,0,0,0,1,0,0,0,0,0,0,3,1,0,0,0,1.75,52,69,0,0,0,17,0.363636364,-1,-1,-1
Bakary Sako,578016000,26-04-88,Premier League,2018/2019,Striker,Crystal Palace,8,17,Mali,3,1,32,25,4,0,0,0,0,0,0,0,0,0,0,1,1,0,0,0,0,1,0,0,0,0,0,0,0,0,6,0,0,0,23,1,-1,-1,-1
Denis Suárez,757814400,06-01-94,Premier League,2018/2019,Striker,Arsenal,29,38,Spain,2,2,27,67,4,0,0,0,0,0,0,0,0,0,0,1,1,0,0,0,0,1,0,0,0,0,0,0,0,0,17,0,0,0,28,1,-1,-1,-1
Konstantinos Mavropanos,881798400,11-12-97,Premier League,2018/2019,Striker,Arsenal,46,104,Greece,1,3,23,150,4,0,0,0,0,1,1,0,0,0,0,1,1,0,0,0,0,0,1,1,0,0,0,0,0.6,150,38,150,0,0.6,19,0.590909091,-1,-1,-1
Daniel Williams,605318400,08-03-89,Premier League,2018/2019,Striker,Huddersfield Town,13,80,USA,1,4,32,93,5,0,0,0,0,1,1,0,0,0,0,1,1,0,0,0,0,0,1,0,1,0,0,0,0.97,93,19,93,0,0.97,21,0.590909091,-1,-1,-1
Tyrone Mings,731980800,13-03-93,Premier League,2018/2019,Striker,AFC Bournemouth,7,134,England,2,3,28,141,5,0,0,0,0,4,0,0,0,0,0,0,1,0,0,0,0,0,0,0,4,0,0,0,2.55,35,28,0,0,0,23,0.363636364,-1,-1,-1
Mason Holgate,845942400,22-10-96,Premier League,2018/2019,Striker,Everton,270,137,England,3,2,24,407,5,0,0,0,0,9,1,0,0,0,0,0,1,0,0,0,0,0,0,5,4,0,0,0,1.99,45,81,407,0,0.22,16,0.318181818,160,390,414
Neeskens Kebano,700185600,10-03-92,Premier League,2018/2019,Striker,Fulham,74,29,Congo DR,5,2,29,103,7,0,0,0,0,1,0,0,0,0,0,0,1,0,0,0,0,0,0,0,1,0,0,0,0.87,103,15,0,0,0,18,0.090909091,-1,-1,-1
Greg Cunningham,665280000,31-01-91,Premier League,2018/2019,Striker,Cardiff City,450,180,Republic of Ireland,5,2,30,630,7,0,0,0,0,16,3,0,0,0,0,1,1,0,0,0,0,0,1,15,1,0,0,0,2.29,39,90,210,0,0.43,19,0.954545455,170,381,313
Nathaniel Chalobah,787190400,12-12-94,Premier League,2018/2019,Striker,Watford,67,199,England,3,6,26,266,9,0,0,0,0,5,2,0,0,0,0,1,1,0,0,0,0,1,0,2,3,0,0,0,1.69,53,30,133,0,0.68,19,0.454545455,-1,-1,-1
Robbie Brady,695347200,14-01-92,Premier League,2018/2019,Striker,Burnley,390,325,Republic of Ireland,9,7,29,715,16,0,1,0,0,12,4,1,0.13,0.13,0,2,1,0,0,0,1,1,1,8,4,0,0,0,1.51,60,45,143,715,0.63,13,0.850909091,-1,108,268
Alex Oxlade-Chamberlain,745372800,15-08-93,Premier League,2018/2019,Striker,Liverpool,19,0,England,2,0,27,19,2,0,0,0,0,0,0,0,0,0,0,2,2,0,0,0,0,2,0,0,0,0,0,0,0,0,10,0,0,0,21,2,-1,-1,-1
Gary Cahill,503798400,19-12-85,Premier League,2018/2019,Striker,Chelsea,1,21,England,1,1,35,22,2,0,0,0,0,0,0,0,0,0,0,2,2,0,0,0,0,1,1,0,0,0,0,0,0,0,11,0,0,0,15,2,-1,-1,-1
Victor Moses,660960000,12-12-90,Premier League,2018/2019,Striker,Chelsea,17,9,Nigeria,1,1,30,26,2,0,0,0,0,1,0,0,0,0,0,1,2,0,0,0,0,0,1,1,0,0,0,0,3.46,26,13,0,0,0,23,1.090909091,-1,-1,-1
Ben Wilmot,941673600,04-11-99,Premier League,2018/2019,Striker,Watford,0,26,England,0,2,21,26,2,0,0,0,0,2,0,0,0,0,0,1,2,0,0,0,0,0,1,0,2,0,0,0,6.92,13,13,0,0,0,17,1.181818182,-1,-1,-1
Adrien Sebastian Perruchet Silva,605923200,15-03-89,Premier League,2018/2019,Striker,Leicester City,8,80,Portugal,1,1,32,88,2,0,0,0,0,1,0,0,0,0,0,1,2,0,0,0,0,1,0,0,1,0,0,0,1.02,88,44,0,0,0,15,1.090909091,-1,-1,-1
Wilfredo Daniel Caballero,370483200,28-09-81,Premier League,2018/2019,Striker,Chelsea,90,90,Argentina,1,1,39,180,2,0,0,0,0,0,0,0,0,0,0,2,2,0,0,0,0,1,1,0,0,0,0,0,0,0,90,0,0,0,19,2,-1,-1,-1
Mark Travers,926985600,18-05-99,Premier League,2018/2019,Striker,AFC Bournemouth,90,90,Republic of Ireland,1,1,21,180,2,0,0,0,0,5,0,0,0,0,0,1,2,0,0,0,0,1,0,0,5,0,0,0,2.5,36,90,0,0,0,28,1.454545455,-1,-1,-1
Miguel Ángel Britos Cabrera,490406400,17-07-85,Premier League,2018/2019,Striker,Watford,13,172,Uruguay,1,2,35,185,3,0,0,0,0,5,0,0,0,0,0,1,2,0,0,0,0,1,0,0,5,0,0,0,2.43,37,62,0,0,0,25,1.454545455,-1,-1,-1
Stephen Ward,493344000,20-08-85,Premier League,2018/2019,Striker,Burnley,74,156,Republic of Ireland,1,2,35,230,3,0,0,0,0,6,1,0,0,0,0,1,2,0,0,0,0,0,1,3,3,0,0,0,2.35,38,77,230,0,0.39,20,1.045454545,-1,-1,-1
Paulo Dino Gazzaniga,694310400,02-01-92,Premier League,2018/2019,Striker,Tottenham Hotspur,0,270,Argentina,0,3,29,270,3,0,0,0,0,1,0,0,0,0,0,1,2,0,0,0,0,0,1,0,1,0,0,0,0.33,270,90,0,0,0,15,1.090909091,-1,-1,-1
Jazz Richards,671414400,12-04-91,Premier League,2018/2019,Striker,Cardiff City,52,76,Wales,2,2,29,128,4,0,0,0,0,4,0,0,0,0,0,1,2,0,0,0,0,0,1,2,2,0,0,0,2.81,32,32,0,0,0,18,1.363636364,-1,-1,-1
David Button,604540800,27-02-89,Premier League,2018/2019,Striker,Brighton & Hove Albion,180,180,England,2,2,32,360,4,0,0,0,0,5,0,0,0,0,0,1,2,0,0,0,0,1,0,1,4,0,0,0,1.25,72,90,0,0,0,14,1.454545455,79,327,404
Rajiv van La Parra,675993600,04-06-91,Premier League,2018/2019,Striker,Huddersfield Town,168,239,Netherlands,2,3,29,407,5,0,0,0,0,6,0,0,0,0,0,1,2,0,0,0,0,1,0,1,5,0,0,0,1.33,68,81,0,0,0,23,1.545454545,-1,396,335
Caglar Söyüncü,832809600,23-05-96,Premier League,2018/2019,Striker,Leicester City,191,180,Turkey,4,2,24,371,6,0,0,0,0,3,1,0,0,0,0,2,2,0,0,0,0,2,0,1,2,0,0,0,0.73,124,62,371,0,0.24,20,1.772727273,16,330,267
Leighton Baines,471571200,11-12-84,Premier League,2018/2019,Striker,Everton,141,235,England,3,3,36,376,6,0,0,0,0,6,0,0,0,0,0,1,2,0,0,0,0,0,1,2,4,0,0,0,1.44,63,63,0,0,0,21,1.545454545,109,287,410
Matteo Darmian,628560000,02-12-89,Premier League,2018/2019,Striker,Manchester United,353,90,Italy,5,1,31,443,6,0,0,0,0,7,0,0,0,0,0,1,2,0,0,0,0,1,0,4,3,0,0,0,1.42,63,74,0,0,0,25,1.636363636,102,280,411
Antonio Valencia,491961600,04-08-85,Premier League,2018/2019,Striker,Manchester United,196,270,Ecuador,3,3,35,466,6,0,0,0,0,5,2,0,0,0,0,2,2,0,0,0,0,0,2,4,1,0,0,0,0.97,93,78,233,0,0.39,23,1.454545455,29,256,300
Joel Ward,625622400,29-10-89,Premier League,2018/2019,Striker,Crystal Palace,191,360,England,3,4,31,551,7,1,0,0,0,12,1,0,0.16,0,0.16,0,2,1,0,0,0,0,0,6,6,0.47,0,551,1.96,46,79,551,0,0.16,11,1.910909091,159,358,114
Marcus Bettinelli,706665600,24-05-92,Premier League,2018/2019,Striker,Fulham,270,360,England,3,4,28,630,7,0,0,0,0,19,1,0,0,0,0,0,2,0,0,0,0,0,0,7,12,0,0,0,2.71,33,90,630,0,0.14,14,1.227272727,174,283,296
Leon Balogun,583459200,28-06-88,Premier League,2018/2019,Striker,Brighton & Hove Albion,309,282,Nigeria,4,4,32,591,8,1,0,0,0,9,2,0,0.15,0,0.15,0,2,1,0,0,0,0,0,5,4,0.29,0,591,1.37,66,74,296,0,0.3,12,1.118181818,97,292,121
Daniel Amartey,787968000,21-12-94,Premier League,2018/2019,Striker,Leicester City,307,333,Ghana,5,4,26,640,9,0,0,0,0,9,2,0,0,0,0,2,2,0,0,0,0,1,1,4,5,0,0,0,1.27,71,71,320,0,0.28,24,1.818181818,-1,313,343
Diego Rico,730425600,23-02-93,Premier League,2018/2019,Striker,AFC Bournemouth,148,459,Spain,4,8,28,607,12,0,0,0,0,18,1,0,0,0,0,0,2,0,0,0,0,0,0,3,15,0,0,0,2.67,34,51,607,0,0.15,21,1.136363636,172,261,306
Timothy Fosu-Mensah,883699200,02-01-98,Premier League,2018/2019,Striker,Fulham,499,296,Netherlands,6,6,23,795,12,0,0,0,0,18,3,0,0,0,0,1,2,0,0,0,0,1,0,9,9,0,0,0,2.04,44,66,265,0,0.34,22,1.136363636,164,408,319
Adam Masina,757468800,02-01-94,Premier League,2018/2019,Striker,Watford,463,540,Italy,7,7,27,1003,14,0,1,0,0,19,5,0,0.09,0.09,0,2,2,0,0,1,0,1,1,8,11,0,0,0,1.7,53,72,201,1003,0.45,20,1.907272727,144,155,397
Andreas Pereira,820454400,01-01-96,Premier League,2018/2019,Striker,Manchester United,521,74,Brazil,10,5,25,595,15,1,1,0,0,10,5,0,0.3,0.15,0.15,1,2,1,0,1,0,1,0,7,3,0.17,0,595,1.51,60,40,119,595,0.76,16,1.509090909,-1,93,117
Tom Smith,703209600,14-04-92,Premier League,2018/2019,Striker,Huddersfield Town,431,710,England,6,9,28,1141,15,0,0,0,0,34,3,1,0,0,0,1,2,0,0,0,0,0,1,12,22,0,0,0,2.68,34,76,285,0,0.32,24,1.590909091,173,360,334
Phil Bardsley,488764800,28-06-85,Premier League,2018/2019,Striker,Burnley,900,772,Scotland,10,9,35,1672,19,0,0,0,0,22,9,0,0,0,0,4,2,0,0,0,0,3,1,11,11,0,0,0,1.18,76,88,186,0,0.48,17,1.5,62,355,383
Steven Davis,473385600,01-01-85,Premier League,2018/2019,Striker,Southampton,6,90,Northern Ireland,2,1,36,96,3,0,1,0,0,3,0,0,0.94,0.94,0,0,3,0,0,0,1,0,0,0,3,0,0,0,2.81,32,32,0,96,0,22,2.652727273,-1,-1,-1
Davide Zappacosta,708220800,11-06-92,Premier League,2018/2019,Striker,Chelsea,35,90,Italy,3,1,28,125,4,0,0,0,0,0,0,0,0,0,0,3,3,0,0,0,0,2,1,0,0,0,0,0,0,0,31,0,0,0,22,3,-1,-1,-1
Håvard Nordtveit,645926400,21-06-90,Premier League,2018/2019,Striker,Fulham,90,271,Norway,1,4,30,361,5,0,1,0,0,9,0,0,0.25,0.25,0,1,3,0,0,0,1,0,1,2,7,0,0,0,2.24,40,72,0,361,0,15,2.818181818,-1,41,419
Cesc Fabregas,547084800,04-05-87,Premier League,2018/2019,Striker,Chelsea,73,102,Spain,4,2,33,175,6,0,0,0,0,2,1,0,0,0,0,3,3,0,0,0,0,2,1,0,2,0,0,0,1.03,88,29,175,0,0.51,18,2.681818182,-1,-1,-1
Jack Simpson,850867200,18-12-96,Premier League,2018/2019,Striker,AFC Bournemouth,240,163,England,3,3,24,403,6,0,0,0,0,9,0,0,0,0,0,2,3,0,0,0,0,1,1,2,7,0,0,0,2.01,45,67,0,0,0,18,2.818181818,163,314,272
Steven Defour,577065600,15-04-88,Premier League,2018/2019,Striker,Burnley,172,280,Belgium,2,4,32,452,6,0,0,0,0,12,0,0,0,0,0,1,3,0,0,0,0,0,1,5,7,0,0,0,2.39,38,75,0,0,0,14,2.090909091,-1,321,264
Kevin Long,650937600,18-08-90,Premier League,2018/2019,Striker,Burnley,90,423,Republic of Ireland,1,5,30,513,6,0,1,0,0,7,0,0,0.18,0.18,0,1,3,0,0,0,1,0,1,2,5,0,0,0,1.23,73,86,0,513,0,15,2.496363636,70,72,293
Joshua Sims,859507200,28-03-97,Premier League,2018/2019,Striker,Southampton,139,70,England,4,3,24,209,7,0,1,0,0,5,0,0,0.43,0.43,0,1,3,0,0,1,0,0,1,3,2,0,0,0,2.15,42,30,0,209,0,20,2.814545455,-1,-1,-1
Carlos Sánchez,508032000,06-02-86,Premier League,2018/2019,Striker,West Ham United,120,120,Colombia,4,3,35,240,7,0,0,0,0,2,0,0,0,0,0,2,3,0,0,0,0,2,0,0,2,0,0,0,0.75,120,34,0,0,0,21,2.181818182,-1,-1,-1
Ben Hamer,564364800,20-11-87,Premier League,2018/2019,Striker,Huddersfield Town,283,270,England,4,3,33,553,7,0,0,0,0,20,0,0,0,0,0,1,3,0,0,0,0,1,0,9,11,0,0,0,3.25,28,79,0,0,0,14,2.818181818,175,348,327
Petr Čech,390700800,20-05-82,Premier League,2018/2019,Striker,Arsenal,315,270,Czech Republic,4,3,38,585,7,0,0,0,0,8,0,0,0,0,0,2,3,0,0,0,0,2,0,3,5,0,0,0,1.23,73,84,0,0,0,20,2.727272727,71,377,384
Domingos Quina,942883200,18-11-99,Premier League,2018/2019,Striker,Watford,217,118,Portugal,5,3,21,335,8,1,0,0,0,5,0,0,0.27,0,0.27,1,3,1,0,0,0,0,1,3,2,0.41,0,335,1.34,67,42,0,0,0,13,2.994545455,-1,316,72
Mohamed Elneny,710812800,11-07-92,Premier League,2018/2019,Striker,Arsenal,214,167,Egypt,5,3,28,381,8,0,0,0,0,4,0,0,0,0,0,2,3,0,0,0,0,2,0,2,2,0,0,0,0.94,95,48,0,0,0,21,2.363636364,-1,409,388
Jack Wilshere,694224000,01-01-92,Premier League,2018/2019,Striker,West Ham United,181,208,England,4,4,29,389,8,0,1,0,0,8,2,0,0.23,0.23,0,2,3,0,0,0,1,1,1,2,6,0,0,0,1.85,49,49,195,389,0.46,24,2.687272727,-1,48,369
Jacob Murphy,793584000,24-02-95,Premier League,2018/2019,Striker,Newcastle United,167,133,England,3,6,26,300,9,0,1,0,0,7,0,0,0.3,0.3,0,1,3,0,0,0,1,0,1,3,4,0,0,0,2.1,43,33,0,300,0,17,2.736363636,-1,21,301
Moussa Dembele,553392000,16-07-87,Premier League,2018/2019,Striker,Tottenham Hotspur,161,355,Belgium,3,7,33,516,10,0,0,0,0,5,1,0,0,0,0,3,3,0,0,0,0,0,3,3,2,0,0,0,0.87,103,52,516,0,0.17,24,2.954545455,-1,277,355
Rob Holding,811555200,20-09-95,Premier League,2018/2019,Striker,Arsenal,501,306,England,6,4,25,807,10,0,0,0,0,10,1,0,0,0,0,2,3,0,0,0,0,2,0,5,5,0,0,0,1.12,81,81,807,0,0.11,24,2.409090909,47,411,389
Eric Bertrand Bailly,766108800,12-04-94,Premier League,2018/2019,Striker,Manchester United,349,288,Côte d'Ivoire,5,7,26,637,12,0,0,0,0,12,1,1,0,0,0,3,3,0,0,0,0,0,3,6,6,0,0,0,1.7,53,53,319,0,0.28,26,2.590909091,141,310,340
Lewis Cook,854928000,03-02-97,Premier League,2018/2019,Striker,AFC Bournemouth,381,340,England,7,6,24,721,13,0,0,0,0,10,2,0,0,0,0,3,3,0,0,0,0,1,2,5,5,0,0,0,1.25,72,55,361,0,0.25,24,2.909090909,-1,393,362
Stephan Lichtsteiner,443059200,16-01-84,Premier League,2018/2019,Striker,Arsenal,408,532,Switzerland,7,7,37,940,14,0,0,0,0,18,3,0,0,0,0,2,3,0,0,0,0,2,0,4,14,0,0,0,1.72,52,67,313,0,0.29,25,2.136363636,147,407,387
Ryan Fredericks,718675200,10-10-92,Premier League,2018/2019,Striker,West Ham United,404,681,England,5,10,28,1085,15,1,0,0,0,13,5,0,0.08,0,0.08,3,3,1,0,0,0,2,1,1,12,0.22,0,1085,1.08,83,72,217,0,0.41,11,2.841818182,-1,340,189
Frederico Rodrigues Santos,731289600,05-03-93,Premier League,2018/2019,Striker,Manchester United,577,468,Brazil,9,8,28,1045,17,1,1,0,0,19,2,0,0.17,0.09,0.09,0,3,1,0,0,1,0,0,8,11,0.16,0,1045,1.64,55,61,523,1045,0.17,12,2.577272727,-1,156,178
Mattéo Guendouzi Olié,924048000,14-04-99,Premier League,2018/2019,Striker,Arsenal,971,1172,France,14,19,21,2143,33,0,0,0,0,28,9,0,0,0,0,4,3,0,0,0,0,3,1,9,19,0,0,0,1.18,77,65,238,0,0.38,26,2.045454545,-1,405,386
Ben Gibson,727056000,15-01-93,Premier League,2018/2019,Striker,Burnley,63,0,England,1,0,28,63,1,1,0,0,0,3,1,0,1.43,0,1.43,0,4,1,0,0,0,0,0,3,0,1.43,0,63,4.29,21,63,63,0,1.43,9,3.632727273,-1,-1,-1
Samir Nasri,551664000,26-06-87,Premier League,2018/2019,Striker,West Ham United,102,144,France,2,3,33,246,5,0,2,0,0,2,0,0,0.73,0.73,0,1,4,0,0,2,0,1,0,1,1,0,0,0,0.73,123,49,0,123,0,15,3.641818182,-1,-1,-1
Danny Simpson,536716800,04-01-87,Premier League,2018/2019,Striker,Leicester City,26,265,England,2,4,34,291,6,0,0,0,0,4,0,0,0,0,0,3,4,0,0,0,0,1,2,0,4,0,0,0,1.24,73,49,0,0,0,21,3.363636364,73,333,269
Oliver Skipp,969062400,16-09-00,Premier League,2018/2019,Striker,Tottenham Hotspur,191,25,England,6,2,20,216,8,0,0,0,0,0,0,0,0,0,0,4,4,0,0,0,0,3,1,0,0,0,0,0,0,0,27,0,0,0,16,4,-1,-1,-1
Vicente Iborra De La Fuente,569289600,16-01-88,Premier League,2018/2019,Striker,Leicester City,152,74,Spain,3,5,33,226,8,0,0,0,0,4,0,0,0,0,0,3,4,0,0,0,0,1,2,2,2,0,0,0,1.59,57,28,0,0,0,14,3.363636364,-1,-1,-1
Andreas Christensen,829094400,10-04-96,Premier League,2018/2019,Striker,Chelsea,360,255,Denmark,4,4,24,615,8,0,0,0,0,7,1,0,0,0,0,3,4,0,0,0,0,3,0,2,5,0,0,0,1.02,88,77,615,0,0.15,21,3.136363636,35,346,338
Sean Longstaff,878169600,30-10-97,Premier League,2018/2019,Striker,Newcastle United,355,333,England,4,5,23,688,9,1,0,0,0,8,2,0,0.13,0,0.13,3,4,1,0,0,0,3,0,1,7,0.25,0,688,1.05,86,76,344,0,0.26,11,3.987272727,-1,263,135
Emerson Palmieri dos Santos,775872000,03-08-94,Premier League,2018/2019,Striker,Chelsea,360,300,Italy,4,6,26,660,10,0,0,0,0,10,0,0,0,0,0,3,4,0,0,0,0,2,1,3,7,0,0,0,1.36,66,66,0,0,0,17,3.909090909,96,296,274
Scott Dann,540259200,14-02-87,Premier League,2018/2019,Striker,Crystal Palace,360,300,England,4,6,34,660,10,0,1,0,0,7,1,0,0.14,0.14,0,3,4,0,0,0,1,2,1,4,3,0,0,0,0.95,94,66,660,660,0.14,14,3.916363636,24,101,276
Miguel Ángel Almirón Rejala,760838400,10-02-94,Premier League,2018/2019,Striker,Newcastle United,405,358,Paraguay,5,5,27,763,10,0,0,0,0,10,0,0,0,0,0,3,4,0,0,0,0,2,1,4,6,0,0,0,1.18,76,76,0,0,0,24,3.909090909,-1,311,282
Jonjoe Kenny,858384000,15-03-97,Premier League,2018/2019,Striker,Everton,413,377,England,5,5,24,790,10,0,1,0,0,14,1,0,0.11,0.11,0,2,4,0,0,1,0,1,1,7,7,0,0,0,1.59,56,79,790,790,0.11,15,3.492727273,129,143,289
Jason Puncheon,520128000,26-06-86,Premier League,2018/2019,Striker,Huddersfield Town,248,143,England,6,5,34,391,11,0,0,0,0,8,1,0,0,0,0,3,4,0,0,0,0,2,1,6,2,0,0,0,1.84,49,36,391,0,0.23,19,3.227272727,-1,258,302
Leandro Bacuna,682732800,21-08-91,Premier League,2018/2019,Striker,Cardiff City,302,252,Curaçao,6,5,29,554,11,0,0,0,0,11,2,0,0,0,0,4,4,0,0,0,0,2,2,10,1,0,0,0,1.79,50,50,277,0,0.32,25,4,-1,309,281
Jon Gorenc Stankovič,821577600,14-01-96,Premier League,2018/2019,Striker,Huddersfield Town,218,500,Slovenia,3,8,25,718,11,1,0,0,0,19,2,0,0.13,0,0.13,2,4,0,1,0,0,1,1,3,16,0,0.18,718,2.38,38,65,359,0,0.25,8,3.987272727,171,291,139
Fabian Delph,627609600,21-11-89,Premier League,2018/2019,Striker,Manchester City,266,459,England,5,6,31,725,11,0,1,0,0,9,2,1,0.12,0.12,0,4,4,0,0,1,0,1,3,4,5,0,0,0,1.12,81,66,242,725,0.37,19,3.558181818,-1,123,295
Juan Marcos Foyth,884563200,12-01-98,Premier League,2018/2019,Striker,Tottenham Hotspur,450,480,Argentina,6,6,23,930,12,1,0,0,0,10,4,1,0.1,0,0.1,4,4,0,1,0,0,3,1,2,8,0,0.19,930,0.97,93,78,186,0,0.48,14,3.109090909,28,334,157
Martin Kelly,641174400,27-04-90,Premier League,2018/2019,Striker,Crystal Palace,660,450,England,8,5,30,1110,13,0,0,0,0,18,2,0,0,0,0,3,4,0,0,0,0,2,1,11,7,0,0,0,1.46,62,85,555,0,0.16,18,3.636363636,110,350,326
Marouane Fellaini,564537600,22-11-87,Premier League,2018/2019,Striker,Manchester United,217,527,Belgium,6,8,33,744,14,0,1,0,0,13,1,0,0.12,0.12,0,2,4,0,0,0,1,1,1,2,11,0,0,0,1.57,57,53,744,744,0.12,22,3.421818182,-1,129,341
José Diogo Dalot Teixeira,921715200,18-03-99,Premier League,2018/2019,Striker,Manchester United,525,490,Portugal,7,9,22,1015,16,0,2,0,0,18,3,0,0.18,0.18,0,2,4,0,0,2,0,0,2,8,10,0,0,0,1.6,56,63,338,508,0.27,17,3.496363636,131,77,283
Grady Diangana,892944000,19-04-98,Premier League,2018/2019,Striker,West Ham United,326,278,England,9,8,22,604,17,0,1,0,0,11,0,0,0.15,0.15,0,2,4,0,0,1,0,1,1,8,3,0,0,0,1.64,55,36,0,604,0,18,3.8,-1,89,298
Christian Kabasele,667353600,24-02-91,Premier League,2018/2019,Striker,Watford,957,630,Belgium,14,7,30,1587,21,0,0,0,0,25,4,1,0,0,0,4,4,0,0,0,0,3,1,15,10,0,0,0,1.42,63,76,397,0,0.23,24,3.272727273,101,402,393
Matthew Lowton,613353600,09-06-89,Premier League,2018/2019,Striker,Burnley,810,938,England,9,12,31,1748,21,0,0,0,0,35,7,0,0,0,0,4,4,0,0,0,0,2,2,16,19,0,0,0,1.8,50,83,250,0,0.36,22,3.681818182,150,342,378
André-Frank Zambo Anguissa,816480000,16-11-95,Premier League,2018/2019,Striker,Fulham,587,931,Cameroon,10,12,25,1518,22,0,0,0,0,30,3,1,0,0,0,3,4,0,0,0,0,2,1,10,20,0,0,0,1.78,51,69,506,0,0.18,19,3.227272727,-1,285,288
Jan Bednarek,829267200,12-04-96,Premier League,2018/2019,Striker,Southampton,1126,1025,Poland,13,12,24,2151,25,0,1,0,0,33,7,0,0.04,0.04,0,3,4,0,0,0,1,1,2,19,14,0,0,0,1.38,65,86,307,2151,0.29,24,3.08,98,225,377
Jonathan Hogg,597369600,06-12-88,Premier League,2018/2019,Striker,Huddersfield Town,1294,1083,England,16,13,32,2377,29,0,1,0,0,42,9,1,0.04,0.04,0,5,4,0,0,1,0,3,2,23,19,0,0,0,1.59,57,82,238,2377,0.38,28,3.898181818,-1,231,330
Serge Aurier,725155200,24-12-92,Premier League,2018/2019,Striker,Tottenham Hotspur,136,428,Côte d'Ivoire,2,6,28,564,8,0,2,0,0,9,1,0,0.32,0.32,0,3,5,0,0,0,2,0,3,2,7,0,0,0,1.44,63,71,564,282,0.16,27,4.958181818,108,15,351
Hamza Choudhury,875664000,01-10-97,Premier League,2018/2019,Striker,Leicester City,308,288,England,4,5,23,596,9,0,0,0,0,4,0,0,0,0,0,4,5,0,0,0,0,2,2,3,1,0,0,0,0.6,149,66,0,0,0,23,4.363636364,-1,297,275
Callum Hudson-Odoi,973555200,07-11-00,Premier League,2018/2019,Striker,Chelsea,267,124,England,6,4,20,391,10,0,1,0,0,5,0,0,0.23,0.23,0,3,5,0,0,1,0,3,0,2,3,0,0,0,1.15,78,39,0,391,0,16,4.414545455,-1,54,277
Manuel Lanzini,729734400,15-02-93,Premier League,2018/2019,Striker,West Ham United,367,321,Argentina,5,5,28,688,10,1,1,0,0,11,2,0,0.26,0.13,0.13,2,5,0,1,0,1,2,0,5,6,0,0.28,688,1.44,63,69,344,688,0.26,12,4.02,-1,111,130
Florian Lejeune,674697600,20-05-91,Premier League,2018/2019,Striker,Newcastle United,515,540,France,6,6,29,1055,12,0,0,0,0,12,0,0,0,0,0,3,5,0,0,0,0,3,0,3,9,0,0,0,1.02,88,88,0,0,0,14,4.090909091,36,301,278
Artur Boruc,319852800,20-02-80,Premier League,2018/2019,Striker,AFC Bournemouth,540,540,Poland,6,6,41,1080,12,0,0,0,0,17,2,0,0,0,0,4,5,0,0,0,0,2,2,4,13,0,0,0,1.42,64,90,540,0,0.17,20,4.545454545,100,394,361
Angus Gunn,822268800,22-01-96,Premier League,2018/2019,Striker,Southampton,540,540,England,6,6,25,1080,12,0,0,0,0,17,0,0,0,0,0,3,5,0,0,0,0,1,2,9,8,0,0,0,1.42,64,90,0,0,0,25,4.545454545,104,339,376
Chris Mepham,878688000,05-11-97,Premier League,2018/2019,Striker,AFC Bournemouth,436,413,Wales,6,7,23,849,13,0,1,0,0,16,1,0,0.11,0.11,0,3,5,0,0,0,1,1,2,7,9,0,0,0,1.7,53,65,849,849,0.11,17,4.674545455,142,133,279
Yerry Fernando Mina González,780278400,23-09-94,Premier League,2018/2019,Striker,Everton,360,530,Colombia,6,7,26,890,13,1,0,0,0,12,3,0,0.1,0,0.1,4,5,0,1,0,0,3,1,3,9,0,0.17,890,1.21,74,68,297,0,0.3,9,4.790909091,67,329,161
Wesley Hoedt,762912000,06-03-94,Premier League,2018/2019,Striker,Southampton,540,630,Netherlands,6,7,27,1170,13,0,0,0,0,20,2,0,0,0,0,4,5,0,0,0,0,2,2,5,15,0,0,0,1.54,59,90,585,0,0.15,27,4.818181818,123,370,374
Alfie Mawson,758937600,19-01-94,Premier League,2018/2019,Striker,Fulham,547,584,England,8,7,27,1131,15,0,0,0,0,25,2,0,0,0,0,3,5,0,0,0,0,2,1,10,15,0,0,0,1.99,45,75,566,0,0.16,11,4.272727273,161,255,307
Mohamed Elyounoussi,775958400,04-08-94,Premier League,2018/2019,Striker,Southampton,393,397,Norway,8,8,26,790,16,0,0,0,0,8,0,0,0,0,0,4,5,0,0,0,0,2,2,5,3,0,0,0,0.91,99,49,0,0,0,26,4.727272727,-1,368,375
Ainsley Maitland-Niles,872812800,29-08-97,Premier League,2018/2019,Striker,Arsenal,462,523,England,7,9,23,985,16,1,1,0,0,16,3,1,0.18,0.09,0.09,4,5,0,1,0,1,3,1,5,11,0,0.17,985,1.46,62,62,328,985,0.27,15,4.814545455,-1,167,174
Daryl Janmaat,617068800,22-07-89,Premier League,2018/2019,Striker,Watford,836,685,Netherlands,10,8,31,1521,18,0,2,0,0,22,3,0,0.12,0.12,0,3,5,0,0,2,0,2,1,8,14,0,0,0,1.3,69,85,507,761,0.18,23,4.74,84,121,395
Romain Saïss,638409600,26-03-90,Premier League,2018/2019,Striker,Wolverhampton Wanderers,544,600,Morocco,8,11,31,1144,19,2,0,0,0,16,7,0,0.16,0,0.16,4,5,1,1,0,0,3,1,6,10,0.17,0.15,572,1.26,72,60,163,0,0.55,7,4.274545455,-1,264,115
Tom Heaton,513907200,15-04-86,Premier League,2018/2019,Striker,Burnley,900,810,England,10,9,34,1710,19,0,0,0,0,23,3,0,0,0,0,4,5,0,0,0,0,3,1,10,13,0,0,0,1.21,74,90,570,0,0.16,18,4.590909091,68,354,382
Juninho Bacuna,870912000,07-08-97,Premier League,2018/2019,Striker,Huddersfield Town,722,692,Netherlands,11,10,23,1414,21,1,0,0,0,36,4,0,0.06,0,0.06,2,5,0,1,0,0,2,0,15,21,0,0.13,1414,2.29,39,67,354,0,0.25,7,4.392727273,-1,325,205
Yann Valery,919641600,22-02-99,Premier League,2018/2019,Striker,Southampton,1070,645,France,13,10,22,1715,23,2,1,0,0,26,5,1,0.16,0.05,0.1,3,5,1,1,1,0,1,2,17,9,0.08,0.14,858,1.36,66,75,343,1715,0.26,7,4.673636364,95,214,162
Oriol Romeu,685670400,24-09-91,Premier League,2018/2019,Striker,Southampton,1110,1030,Spain,16,15,29,2140,31,1,0,0,0,32,11,0,0.04,0,0.04,6,5,1,0,0,0,3,3,16,16,0.08,0,2140,1.35,67,69,195,0,0.46,9,4.489090909,-1,371,244
Kyle Walker-Peters,860889600,13-04-97,Premier League,2018/2019,Striker,Tottenham Hotspur,272,102,England,4,2,23,374,6,0,3,0,0,4,1,0,0.72,0.72,0,3,6,0,0,3,0,2,1,2,2,0,0,0,0.96,94,62,374,125,0.24,21,5.803636364,25,1,357
Phil Jagielka,398390400,17-08-82,Premier League,2018/2019,Striker,Everton,95,234,England,3,4,38,329,7,1,0,0,0,2,1,1,0.27,0,0.27,5,6,1,0,0,0,3,2,0,2,0.95,0,329,0.55,165,47,165,0,0.55,13,5.221818182,9,272,71
Kadeem Harris,739497600,08-06-93,Premier League,2018/2019,Striker,Cardiff City,133,233,England,5,8,27,366,13,1,0,0,0,5,1,0,0.25,0,0.25,4,6,1,0,0,0,1,3,1,4,0.68,0,366,1.23,73,28,366,0,0.25,11,5.454545455,-1,262,79
Adam David Lallana,579225600,10-05-88,Premier League,2018/2019,Striker,Liverpool,189,276,England,6,7,32,465,13,0,0,0,0,2,1,0,0,0,0,6,6,0,0,0,0,1,5,1,1,0,0,0,0.39,233,36,465,0,0.19,18,5.681818182,-1,344,379
Tom Cleverley,618883200,12-08-89,Premier League,2018/2019,Striker,Watford,102,368,England,4,9,31,470,13,1,0,0,0,7,2,0,0.19,0,0.19,4,6,0,1,0,0,2,2,0,7,0,0.24,470,1.34,67,36,235,0,0.38,11,5.016363636,-1,298,99
Bruno Saltor Grau,339206400,01-10-80,Premier League,2018/2019,Striker,Brighton & Hove Albion,534,602,Spain,6,8,40,1136,14,0,1,0,0,17,2,0,0.08,0.08,0,4,6,0,0,1,0,2,2,8,9,0,0,0,1.35,67,81,568,1136,0.16,19,5.205454545,92,175,399
Floyd Ayité,598147200,15-12-88,Premier League,2018/2019,Striker,Fulham,296,169,Togo,7,9,32,465,16,1,0,0,0,13,0,0,0.19,0,0.19,3,6,0,1,0,0,1,2,7,6,0,0.53,465,2.52,36,29,0,0,0,9,5.561818182,-1,268,101
Tom Davies,899164800,30-06-98,Premier League,2018/2019,Striker,Everton,520,455,England,8,8,22,975,16,0,0,0,0,18,3,0,0,0,0,5,6,0,0,0,0,3,2,12,6,0,0,0,1.66,54,61,325,0,0.28,18,5.136363636,-1,380,416
Matt Targett,811382400,18-09-95,Premier League,2018/2019,Striker,Southampton,483,702,England,7,9,25,1185,16,1,3,0,0,24,2,0,0.3,0.23,0.08,1,6,1,0,2,1,0,1,10,14,0.19,0,1185,1.82,49,74,593,395,0.15,11,5.291818182,151,51,183
Rúben Gonçalo Silva Nascimento Vinagre,923616000,09-04-99,Premier League,2018/2019,Striker,Wolverhampton Wanderers,514,189,Portugal,12,5,22,703,17,0,0,0,0,9,1,0,0,0,0,5,6,0,0,0,0,4,1,6,3,0,0,0,1.15,78,41,703,0,0.13,15,5.318181818,54,323,406
Vincent Kompany,513475200,10-04-86,Premier League,2018/2019,Striker,Manchester City,561,662,Belgium,8,9,34,1223,17,1,0,0,0,7,6,0,0.07,0,0.07,7,6,1,0,0,0,3,4,3,4,0.16,0,1223,0.52,175,72,204,0,0.44,12,5.776363636,7,384,194
Phil Jones,698630400,21-02-92,Premier League,2018/2019,Striker,Manchester United,652,611,England,9,9,29,1263,18,0,1,0,0,16,1,0,0.07,0.07,0,4,6,0,0,0,1,0,4,9,7,0,0,0,1.14,79,70,1263,1263,0.07,24,5.594545455,51,189,299
Federico Fernández,604022400,21-02-89,Premier League,2018/2019,Striker,Newcastle United,607,877,Argentina,8,11,32,1484,19,0,1,0,0,22,2,0,0.06,0.06,0,4,6,0,0,1,0,1,3,9,13,0,0,0,1.33,67,78,742,1484,0.12,15,5.62,90,194,297
Lee Peltier,534643200,11-12-86,Premier League,2018/2019,Striker,Cardiff City,521,1021,England,7,13,34,1542,20,0,0,0,0,21,4,0,0,0,0,6,6,0,0,0,0,2,4,9,12,0,0,0,1.23,73,77,386,0,0.23,21,5.909090909,72,391,352
Aaron Cresswell,629683200,15-12-89,Premier League,2018/2019,Striker,West Ham United,888,701,England,11,9,31,1589,20,0,1,0,0,22,1,0,0.06,0.06,0,3,6,0,0,1,0,2,1,12,10,0,0,0,1.25,72,79,1589,1589,0.06,20,5.12,80,191,290
Bernardo,800409600,14-05-95,Premier League,2018/2019,Striker,Brighton & Hove Albion,990,760,Brazil,11,11,25,1750,22,0,1,0,0,28,4,0,0.05,0.05,0,4,6,0,0,1,0,2,2,17,11,0,0,0,1.44,63,80,438,1750,0.21,20,5.145454545,107,200,400
Jannik Vestergaard,712800000,03-08-92,Premier League,2018/2019,Striker,Southampton,1130,900,Denmark,13,10,28,2030,23,0,0,0,0,27,2,0,0,0,0,4,6,0,0,0,0,2,2,14,13,0,0,0,1.2,75,88,1015,0,0.09,28,5.454545455,65,367,373
Harry Arter,630806400,28-12-89,Premier League,2018/2019,Striker,Cardiff City,1186,822,Republic of Ireland,14,11,31,2008,25,0,1,0,0,37,10,0,0.04,0.04,0,7,6,0,0,1,0,4,3,25,12,0,0,0,1.66,54,80,201,2008,0.45,16,5.943636364,-1,221,304
Martín Montoya,671587200,14-04-91,Premier League,2018/2019,Striker,Brighton & Hove Albion,1176,990,Spain,14,11,29,2166,25,0,1,0,0,38,4,0,0.04,0.04,0,3,6,0,0,0,1,3,0,18,20,0,0,0,1.58,57,87,542,2166,0.17,13,5.034545455,128,229,294
Sokratis Papastathopoulos,581817600,09-06-88,Premier League,2018/2019,Striker,Arsenal,1119,1080,Greece,13,12,32,2199,25,1,2,0,0,31,12,0,0.12,0.08,0.04,6,6,0,1,2,0,6,0,9,22,0,0.08,2199,1.27,71,88,183,1100,0.49,12,5.058181818,82,173,234
Pablo Zabaleta,474681600,16-01-85,Premier League,2018/2019,Striker,West Ham United,1216,876,Argentina,14,12,36,2092,26,0,1,0,0,32,4,0,0.04,0.04,0,4,6,0,0,1,0,2,2,22,10,0,0,0,1.38,65,80,523,2092,0.17,23,5.489090909,99,223,370
Yves Bissouma,841363200,30-08-96,Premier League,2018/2019,Striker,Brighton & Hove Albion,747,1022,Mali,13,15,24,1769,28,0,0,0,0,30,5,0,0,0,0,5,6,0,0,0,0,4,1,14,16,0,0,0,1.53,59,63,354,0,0.25,17,5.227272727,-1,293,402
Cyrus Christie,717811200,30-09-92,Premier League,2018/2019,Striker,Fulham,1053,890,Republic of Ireland,15,13,28,1943,28,0,1,0,0,40,7,0,0.05,0.05,0,5,6,0,0,1,0,3,2,20,20,0,0,0,1.85,49,69,278,1943,0.32,27,5.736363636,155,205,315
Nemanja Matić,586396800,01-08-88,Premier League,2018/2019,Striker,Manchester United,1051,1390,Serbia,12,16,32,2441,28,1,0,0,0,35,8,1,0.04,0,0.04,6,6,1,0,0,0,1,5,14,21,0.09,0,2441,1.29,70,87,305,0,0.29,11,5.261818182,-1,257,239
Chris Löwe,608688000,16-04-89,Premier League,2018/2019,Striker,Huddersfield Town,932,1124,Germany,15,14,31,2056,29,0,2,0,0,52,2,0,0.09,0.09,0,1,6,0,0,1,1,1,0,19,33,0,0,0,2.28,40,71,1028,1028,0.09,30,5.907272727,169,163,328
Ashley Young,489715200,09-07-85,Premier League,2018/2019,Striker,Manchester United,1207,1361,England,14,16,35,2568,30,2,2,0,0,41,10,1,0.14,0.07,0.07,4,6,1,1,2,0,2,2,16,25,0.07,0.07,1284,1.44,63,86,257,1284,0.35,9,5.007272727,-1,181,195
Etienne Capoue,584582400,11-07-88,Premier League,2018/2019,Striker,Watford,1518,1429,France,17,16,32,2947,33,1,3,0,0,47,15,1,0.12,0.09,0.03,7,6,0,1,2,1,4,3,24,23,0,0.06,2947,1.44,63,89,184,982,0.49,9,5.512727273,-1,153,253
Danilo,679536000,15-07-91,Premier League,2018/2019,Striker,Manchester City,450,356,Brazil,5,6,29,806,11,1,0,0,0,7,1,0,0.11,0,0.11,5,7,0,1,0,0,3,2,2,5,0,0.25,806,0.78,115,73,806,0,0.11,13,6.356363636,18,318,151
Ciaran Clark,622771200,26-09-89,Premier League,2018/2019,Striker,Newcastle United,416,441,Republic of Ireland,6,5,31,857,11,3,0,0,0,14,1,0,0.32,0,0.32,2,7,1,2,0,0,0,2,9,5,0.22,0.41,286,1.47,61,78,857,0,0.11,4,6.412727273,113,315,56
Victor Wanyama,677808000,25-06-91,Premier League,2018/2019,Striker,Tottenham Hotspur,302,207,Kenya,9,4,29,509,13,1,0,0,0,3,2,0,0.18,0,0.18,6,7,1,0,0,0,4,2,3,0,0.3,0,509,0.53,170,39,255,0,0.35,11,6.632727273,-1,266,106
Scott McTominay,850003200,08-12-96,Premier League,2018/2019,Striker,Manchester United,345,516,England,7,9,24,861,16,2,0,0,0,17,1,0,0.21,0,0.21,3,7,0,2,0,0,1,2,6,11,0,0.35,431,1.78,51,54,861,0,0.1,8,6.465454545,-1,303,91
Harvey Lewis Barnes,881625600,09-12-97,Premier League,2018/2019,Striker,Leicester City,601,406,England,9,7,23,1007,16,1,2,0,0,16,0,0,0.27,0.18,0.09,3,7,0,1,2,0,3,0,7,9,0,0.22,1007,1.43,63,63,0,504,0,10,6.994545455,-1,78,175
Maya Yoshida,588384000,24-08-88,Premier League,2018/2019,Striker,Southampton,800,720,Japan,9,8,32,1520,17,0,1,0,0,27,0,0,0.06,0.06,0,3,7,0,0,1,0,1,2,14,13,0,0,0,1.6,56,89,0,1520,0,23,6.074545455,133,192,308
Beram Kayal,578534400,02-05-88,Premier League,2018/2019,Striker,Brighton & Hove Albion,494,440,Israel,9,9,32,934,18,1,1,0,0,15,4,0,0.19,0.1,0.1,5,7,0,1,1,0,3,2,8,7,0,0.2,934,1.45,62,52,234,934,0.39,8,6.253636364,-1,146,163
Sung-Yeung Ki,601603200,24-01-89,Premier League,2018/2019,Striker,Newcastle United,824,478,South Korea,10,8,32,1302,18,0,1,0,0,18,2,0,0.07,0.07,0,5,7,0,0,1,0,2,3,12,6,0,0,0,1.24,72,72,651,1302,0.14,20,6.276363636,-1,179,349
Mario Lemina,746841600,01-09-93,Premier League,2018/2019,Striker,Southampton,763,852,Gabon,9,12,27,1615,21,1,1,0,0,32,5,0,0.11,0.06,0.06,4,7,0,1,0,1,2,2,12,20,0,0.11,1615,1.78,50,77,323,1615,0.28,10,6.139090909,-1,195,211
Jan Vertonghen,546220800,24-04-87,Premier League,2018/2019,Striker,Tottenham Hotspur,884,1031,Belgium,10,12,33,1915,22,1,0,0,0,21,5,1,0.05,0,0.05,7,7,0,1,0,0,4,3,7,14,0,0.09,1915,0.99,91,87,383,0,0.23,10,6.509090909,31,282,225
Wes Morgan,443491200,21-01-84,Premier League,2018/2019,Striker,Leicester City,783,1143,Jamaica,9,13,37,1926,22,3,0,0,0,24,5,2,0.14,0,0.14,6,7,1,2,0,0,3,3,9,15,0.11,0.16,642,1.12,80,88,385,0,0.23,6,6.961818182,48,300,125
Jack Stephens,759628800,27-01-94,Premier League,2018/2019,Striker,Southampton,816,881,England,10,14,27,1697,24,1,0,0,0,30,4,0,0.05,0,0.05,5,7,1,0,0,0,2,3,11,19,0.11,0,1697,1.59,57,71,424,0,0.21,14,6.827272727,130,369,223
Florent Hadergjonaj,775612800,31-07-94,Premier League,2018/2019,Striker,Huddersfield Town,1011,829,Switzerland,12,12,26,1840,24,0,0,0,0,34,1,0,0,0,0,4,7,0,0,0,0,2,2,15,19,0,0,0,1.66,54,77,1840,0,0.05,29,6.590909091,135,376,329
Angelo Ogbonna,580348800,23-05-88,Premier League,2018/2019,Striker,West Ham United,956,914,Italy,12,12,32,1870,24,1,1,0,0,32,2,0,0.1,0.05,0.05,3,7,1,0,1,0,2,1,13,19,0.09,0,1870,1.54,58,78,935,1870,0.1,13,6.609090909,124,207,226
Ryan Bertrand,618278400,05-08-89,Premier League,2018/2019,Striker,Southampton,1170,990,England,13,11,31,2160,24,1,0,0,0,36,8,0,0.04,0,0.04,6,7,1,0,0,0,3,3,15,21,0.08,0,2160,1.5,60,90,270,0,0.33,13,6.352727273,117,366,245
Alex McCarthy,628646400,03-12-89,Premier League,2018/2019,Striker,Southampton,1170,1080,England,13,12,31,2250,25,0,0,0,0,37,1,0,0,0,0,4,7,0,0,0,0,2,2,16,21,0,0,0,1.48,61,90,2250,0,0.04,21,6.863636364,114,365,372
Morgan Gibbs-White,948931200,27-01-00,Premier League,2018/2019,Striker,Wolverhampton Wanderers,426,221,England,13,13,21,647,26,0,1,0,0,9,1,0,0.14,0.14,0,5,7,0,0,1,0,5,0,5,4,0,0,0,1.25,72,25,647,647,0.14,16,6.098181818,-1,107,408
Maxime Le Marchand,624067200,11-10-89,Premier League,2018/2019,Striker,Fulham,1171,1080,France,14,12,31,2251,26,0,1,0,0,50,5,0,0.04,0.04,0,4,7,0,0,1,0,3,1,23,27,0,0,0,2,45,87,450,2251,0.2,23,6.625454545,162,219,314
Joe Ralls,750470400,13-10-93,Premier League,2018/2019,Striker,Cardiff City,847,1112,England,15,13,27,1959,28,0,0,0,1,35,5,1,0,0,0,8,7,0,0,0,0,5,3,17,18,0,0,0,1.61,56,70,327,0,0.28,22,6.681818182,-1,383,336
Dale Stephens,613612800,12-06-89,Premier League,2018/2019,Striker,Brighton & Hove Albion,1191,1296,England,14,16,31,2487,30,1,1,0,0,43,7,1,0.07,0.04,0.04,5,7,0,1,0,1,3,2,18,25,0,0.07,2487,1.56,58,83,311,2487,0.29,9,6.059090909,-1,224,247
Shkodran Mustafi,703468800,17-04-92,Premier League,2018/2019,Striker,Arsenal,1263,1354,Germany,15,16,28,2617,31,2,0,0,0,36,9,0,0.07,0,0.07,6,7,0,2,0,0,5,1,12,24,0,0.13,1309,1.24,73,84,291,0,0.31,9,6.912727273,74,378,201
Benjamin Mendy,774403200,17-07-94,Premier League,2018/2019,Striker,Manchester City,450,450,France,5,5,26,900,10,0,5,0,0,6,1,0,0.5,0.5,0,4,8,0,0,3,2,1,3,4,2,0,0,0,0.6,150,90,900,180,0.1,18,7.545454545,12,3,311
Dejan Lovren,615600000,05-07-89,Premier League,2018/2019,Striker,Liverpool,540,445,Croatia,7,6,31,985,13,1,0,0,0,7,1,0,0.09,0,0.09,6,8,1,0,0,0,3,3,3,4,0.17,0,985,0.64,141,76,985,0,0.09,12,7.316363636,15,324,173
Morgan Schneiderlin,626486400,08-11-89,Premier League,2018/2019,Striker,Everton,473,360,France,9,5,31,833,14,0,1,0,0,9,2,0,0.11,0.11,0,7,8,0,0,1,0,5,2,5,4,0,0,0,0.97,93,60,417,833,0.22,20,7.538181818,-1,138,412
Jonjo Shelvey,699148800,27-02-92,Premier League,2018/2019,Striker,Newcastle United,403,541,England,8,8,29,944,16,1,1,0,0,11,1,0,0.19,0.1,0.1,5,8,0,1,0,1,1,4,8,3,0,0.17,944,1.05,86,59,944,944,0.1,12,7.39,-1,149,167
Aaron Lennon,545529600,16-04-87,Premier League,2018/2019,Striker,Burnley,487,730,England,7,9,33,1217,16,1,1,0,0,20,1,0,0.15,0.07,0.07,4,8,1,0,1,0,2,2,8,12,0.18,0,1217,1.48,61,76,1217,1217,0.07,10,7.108181818,-1,187,196
Simon Francis,477360000,16-02-85,Premier League,2018/2019,Striker,AFC Bournemouth,675,551,England,9,8,36,1226,17,0,2,0,0,23,1,0,0.15,0.15,0,5,8,0,0,1,1,3,2,11,12,0,0,0,1.69,53,72,1226,613,0.07,26,7.890909091,138,99,360
Nathaniel Clyne,670809600,05-04-91,Premier League,2018/2019,Striker,AFC Bournemouth,684,570,England,10,8,30,1254,18,0,1,0,0,24,2,0,0.07,0.07,0,6,8,0,0,0,1,4,2,6,18,0,0,0,1.72,52,70,627,1254,0.14,22,7.821818182,146,180,392
Andrew Surman,524880000,20-08-86,Premier League,2018/2019,Striker,AFC Bournemouth,526,912,England,7,11,34,1438,18,0,0,0,0,35,2,0,0,0,0,5,8,0,0,0,0,3,2,7,28,0,0,0,2.19,41,80,719,0,0.13,27,7.181818182,-1,379,359
Cedric Soares,683596800,31-08-91,Premier League,2018/2019,Striker,Southampton,651,843,Portugal,8,10,29,1494,18,1,2,0,0,26,4,0,0.18,0.12,0.06,5,8,1,0,0,2,2,3,7,19,0.14,0,1494,1.57,57,83,374,747,0.24,15,7.723636364,127,124,204
Wayne Hennessey,538444800,24-01-87,Premier League,2018/2019,Striker,Crystal Palace,675,900,Wales,8,10,34,1575,18,0,0,0,0,23,0,0,0,0,0,5,8,0,0,0,0,2,3,8,15,0,0,0,1.31,68,88,0,0,0,13,7.090909091,87,404,321
Jordon Ibe,818380800,08-12-95,Premier League,2018/2019,Striker,AFC Bournemouth,334,461,England,10,9,25,795,19,1,1,0,0,21,1,0,0.23,0.11,0.11,4,8,0,1,1,0,4,0,3,18,0,0.2,795,2.38,38,42,795,795,0.11,13,7.359090909,-1,134,154
Leander Dendoncker,797904000,15-04-95,Premier League,2018/2019,Striker,Wolverhampton Wanderers,635,834,Belgium,9,10,25,1469,19,2,0,0,0,19,1,0,0.12,0,0.12,4,8,1,1,0,0,4,0,6,13,0.14,0.11,735,1.16,77,77,1469,0,0.06,8,7.467272727,-1,331,146
Hector Bellerin,795571200,19-03-95,Premier League,2018/2019,Striker,Arsenal,882,653,Spain,10,9,26,1535,19,0,5,0,0,20,3,0,0.29,0.29,0,4,8,0,0,4,1,4,0,8,12,0,0,0,1.17,77,81,512,307,0.18,27,7.398181818,61,26,385
Joe Hart,545788800,19-04-87,Premier League,2018/2019,Striker,Burnley,810,900,England,9,10,33,1710,19,0,0,0,0,34,0,0,0,0,0,4,8,0,0,0,0,2,2,17,17,0,0,0,1.79,50,90,0,0,0,16,7.090909091,149,341,367
Vicente Guaita,537235200,10-01-87,Premier League,2018/2019,Striker,Crystal Palace,1035,720,Spain,12,8,34,1755,20,0,0,0,0,21,2,0,0,0,0,7,8,0,0,0,0,5,2,12,9,0,0,0,1.08,84,88,878,0,0.1,19,7.909090909,45,352,325
Gaëtan Bong Songo,577929600,25-04-88,Premier League,2018/2019,Striker,Brighton & Hove Albion,720,1085,Cameroon,8,14,32,1805,22,0,0,0,0,32,0,0,0,0,0,5,8,0,0,0,0,3,2,9,23,0,0,0,1.6,56,82,0,0,0,18,7.909090909,132,336,401
Arthur Masuaku,752630400,07-11-93,Premier League,2018/2019,Striker,West Ham United,822,934,France,11,12,27,1756,23,0,1,0,0,26,2,0,0.05,0.05,0,6,8,0,0,1,0,3,3,11,15,0,0,0,1.33,68,76,878,1756,0.1,25,7.963636364,89,203,368
Fabián Cornelio Balbuena González,682905600,23-08-91,Premier League,2018/2019,Striker,West Ham United,934,1080,Paraguay,11,12,29,2014,23,1,0,0,0,27,2,0,0.04,0,0.04,5,8,0,1,0,0,2,3,13,14,0,0.08,2014,1.21,75,88,1007,0,0.09,10,7.534545455,66,356,231
Sead Kolašinac,740534400,20-06-93,Premier League,2018/2019,Striker,Arsenal,1127,764,Bosnia and Herzegovina,14,10,27,1891,24,0,5,0,0,26,5,0,0.24,0.24,0,5,8,0,0,3,2,5,0,10,16,0,0,0,1.24,73,79,378,378,0.24,22,7.843636364,75,45,285
Chris Smalling,627696000,22-11-89,Premier League,2018/2019,Striker,Manchester United,1138,990,England,13,11,31,2128,24,1,0,0,0,34,1,0,0.04,0,0.04,4,8,0,1,0,0,2,2,16,18,0,0.09,2128,1.44,63,89,2128,0,0.04,15,7.670909091,106,294,246
Mathias Jattah-Njie Jørgensen,640828800,23-04-90,Premier League,2018/2019,Striker,Huddersfield Town,1248,900,Denmark,14,10,30,2148,24,3,1,0,0,37,6,0,0.17,0.04,0.13,3,8,1,2,0,1,2,1,21,16,0.07,0.2,716,1.55,58,90,358,2148,0.25,2,7.203636364,125,235,129
Hélder Wander Sousa Azevedo Costa,758332800,12-01-94,Premier League,2018/2019,Striker,Wolverhampton Wanderers,657,688,Portugal,11,14,27,1345,25,1,2,0,0,18,3,0,0.2,0.13,0.07,5,8,0,1,1,1,3,2,10,8,0,0.13,1345,1.2,75,54,448,673,0.2,9,7.536363636,-1,113,200
Adrian Mariappa,528681600,03-10-86,Premier League,2018/2019,Striker,Watford,841,1080,Jamaica,12,14,34,1921,26,0,0,0,0,29,3,0,0,0,0,6,8,0,0,0,0,3,3,10,19,0,0,0,1.36,66,74,640,0,0.14,21,7.136363636,94,414,396
Philip Billing,834451200,11-06-96,Premier League,2018/2019,Striker,Huddersfield Town,1106,1086,Denmark,13,14,24,2192,27,2,0,0,0,41,7,0,0.08,0,0.08,5,8,1,1,0,0,3,2,17,24,0.08,0.08,1096,1.68,53,81,313,0,0.29,4,7.387272727,-1,372,185
Erik Durm,705628800,12-05-92,Premier League,2018/2019,Striker,Huddersfield Town,869,1183,Germany,13,15,28,2052,28,0,1,0,0,43,0,0,0.04,0.04,0,3,8,0,0,0,1,1,2,17,26,0,0,0,1.89,48,73,0,2052,0,13,7.489090909,156,232,305
Joe Bryan,748224000,17-09-93,Premier League,2018/2019,Striker,Fulham,1214,1136,England,15,13,27,2350,28,0,1,0,0,51,5,0,0.04,0.04,0,5,8,0,0,1,0,3,2,21,30,0,0,0,1.95,46,84,470,2350,0.19,26,7.716363636,158,218,316
José Holebas,457142400,27-06-84,Premier League,2018/2019,Striker,Watford,1224,1170,Greece,15,13,36,2394,28,3,6,0,0,38,13,1,0.34,0.23,0.11,5,8,2,1,5,1,3,2,20,18,0.15,0.08,798,1.43,63,86,171,399,0.53,7,7.634545455,105,49,153
DeAndre Yedlin,742176000,09-07-93,Premier League,2018/2019,Striker,Newcastle United,1313,1162,USA,16,13,27,2475,29,1,2,0,0,37,7,1,0.11,0.07,0.04,6,8,0,1,1,1,4,2,19,18,0,0.08,2475,1.35,67,85,309,1238,0.29,13,7.083636364,93,177,237
Luke Shaw,805507200,12-07-95,Premier League,2018/2019,Striker,Manchester United,1170,1422,England,13,16,25,2592,29,1,4,0,0,36,11,0,0.17,0.14,0.03,6,8,1,0,2,2,1,5,16,20,0.08,0,2592,1.25,72,89,236,648,0.38,13,7.112727273,77,105,262
Calum Chambers,790560000,20-01-95,Premier League,2018/2019,Striker,Fulham,1458,1129,England,17,14,26,2587,31,2,0,0,0,49,9,0,0.07,0,0.07,5,8,2,0,0,0,3,2,24,25,0.12,0,1294,1.7,53,83,287,0,0.31,5,7.094545455,143,399,198
Pierre-Emile Højbjerg,807580800,05-08-95,Premier League,2018/2019,Striker,Southampton,1416,1348,Denmark,16,15,25,2764,31,4,3,0,0,52,10,2,0.23,0.1,0.13,4,8,2,2,2,1,1,3,23,29,0.13,0.13,691,1.69,53,89,251,921,0.36,5,7.687272727,-1,148,136
Lucas Torreira,823996800,11-02-96,Premier League,2018/2019,Striker,Arsenal,1231,1146,Uruguay,17,17,25,2377,34,2,2,0,0,35,8,1,0.15,0.08,0.08,6,8,2,0,0,2,5,1,10,25,0.15,0,1189,1.33,68,70,264,1189,0.34,10,7.491818182,-1,174,190
Ryan Bennett,636681600,06-03-90,Premier League,2018/2019,Striker,Wolverhampton Wanderers,1710,1350,England,19,15,31,3060,34,1,0,0,0,36,12,0,0.03,0,0.03,9,8,1,0,0,0,7,2,20,16,0.05,0,3060,1.06,85,90,255,0,0.35,10,7.332727273,40,304,256
Ken Sema,749347200,30-09-93,Premier League,2018/2019,Striker,Watford,301,454,Sweden,8,9,27,755,17,1,2,0,0,8,1,0,0.36,0.24,0.12,6,9,0,1,1,1,4,2,3,5,0,0.2,755,0.95,94,44,755,378,0.12,14,8.947272727,-1,47,143
Laurent Koscielny,495158400,10-09-85,Premier League,2018/2019,Striker,Arsenal,484,844,France,6,11,35,1328,17,3,0,0,0,21,1,0,0.2,0,0.2,4,9,2,1,0,0,3,1,5,16,0.37,0.11,443,1.42,63,78,1328,0,0.07,7,8.809090909,103,295,93
Javier Manquillo Gaitán,768096000,05-05-94,Premier League,2018/2019,Striker,Newcastle United,503,594,Spain,9,9,26,1097,18,0,3,0,0,12,2,0,0.25,0.25,0,6,9,0,0,2,1,3,3,6,6,0,0,0,0.98,91,61,549,366,0.16,19,8.090909091,30,40,350
Eric Dier,758592000,15-01-94,Premier League,2018/2019,Striker,Tottenham Hotspur,674,836,England,9,11,27,1510,20,3,0,0,0,16,4,0,0.18,0,0.18,6,9,2,1,0,0,2,4,8,8,0.27,0.11,503,0.95,94,76,378,0,0.24,7,8.814545455,-1,278,107
Charlie Daniels,526435200,07-09-86,Premier League,2018/2019,Striker,AFC Bournemouth,803,780,England,11,10,34,1583,21,1,0,0,0,32,4,0,0.06,0,0.06,6,9,1,0,0,0,4,2,14,18,0.11,0,1583,1.82,49,75,396,0,0.23,12,8.029090909,152,254,208
Juan Mata,578188800,28-04-88,Premier League,2018/2019,Striker,Manchester United,833,461,Spain,13,9,32,1294,22,3,2,0,0,14,3,0,0.35,0.14,0.21,4,9,3,0,2,0,2,2,6,8,0.32,0,431,0.97,92,59,431,647,0.21,6,8.472727273,-1,103,92
Nacho Monreal,509760000,26-02-86,Premier League,2018/2019,Striker,Arsenal,781,1080,Spain,10,12,35,1861,22,1,3,0,0,21,5,0,0.19,0.15,0.05,6,9,1,0,0,3,5,1,3,18,0.12,0,1861,1.02,89,85,372,620,0.24,11,8.299090909,37,98,222
Davinson Sánchez Mina,834537600,12-06-96,Premier League,2018/2019,Striker,Tottenham Hotspur,873,1070,Colombia,10,13,24,1943,23,1,1,0,0,21,2,0,0.09,0.05,0.05,6,9,1,0,0,1,3,3,9,12,0.1,0,1943,0.97,93,84,972,1943,0.09,13,8.599090909,26,208,221
Fabian Schär,693187200,20-12-91,Premier League,2018/2019,Striker,Newcastle United,1173,829,Switzerland,14,10,29,2002,24,4,1,0,0,21,12,0,0.22,0.04,0.18,8,9,3,1,0,1,5,3,14,7,0.23,0.11,501,0.94,95,83,167,2002,0.54,3,8.849090909,23,230,110
Asmir Begović,551145600,20-06-87,Premier League,2018/2019,Striker,AFC Bournemouth,1080,1080,Bosnia and Herzegovina,12,12,33,2160,24,0,0,0,0,44,0,0,0,0,0,5,9,0,0,0,0,3,2,19,25,0,0,0,1.83,49,90,0,0,0,19,9,154,273,358
Dan Gosling,633830400,01-02-90,Premier League,2018/2019,Striker,AFC Bournemouth,911,826,England,13,12,31,1737,25,2,1,0,0,31,8,0,0.16,0.05,0.1,7,9,0,2,0,1,4,3,14,17,0,0.22,869,1.61,56,69,217,1737,0.41,8,8.628181818,-1,206,158
Tim Ream,560390400,05-10-87,Premier League,2018/2019,Striker,Fulham,943,1108,USA,13,13,33,2051,26,0,0,0,0,47,1,0,0,0,0,5,9,0,0,0,0,3,2,18,29,0,0,0,2.06,44,79,2051,0,0.04,12,8.772727273,167,320,265
Adama Traoré Diarra,822528000,25-01-96,Premier League,2018/2019,Striker,Wolverhampton Wanderers,315,575,Spain,12,17,25,890,29,1,1,0,0,11,1,0,0.2,0.1,0.1,6,9,0,1,1,0,4,2,2,9,0,0.16,890,1.11,81,31,890,890,0.1,13,8.4,-1,152,160
Anthony Knockaert,690595200,20-11-91,Premier League,2018/2019,Striker,Brighton & Hove Albion,982,850,France,16,14,29,1832,30,2,6,0,0,36,5,1,0.39,0.29,0.1,3,9,1,1,5,1,3,0,17,19,0.09,0.11,916,1.77,51,61,305,305,0.29,6,8.552727273,-1,27,159
Alex Pritchard,736387200,03-05-93,Premier League,2018/2019,Striker,Huddersfield Town,992,1100,England,14,16,27,2092,30,2,0,0,0,39,2,0,0.09,0,0.09,4,9,1,1,0,0,2,2,16,23,0.09,0.08,1046,1.68,54,70,1046,0,0.09,5,8.725454545,-1,373,171
Jefferson Lerma,783043200,25-10-94,Premier League,2018/2019,Striker,AFC Bournemouth,1319,1192,Colombia,15,15,26,2511,30,2,0,0,0,45,12,0,0.07,0,0.07,8,9,0,2,0,0,4,4,18,27,0,0.15,1256,1.61,56,84,209,0,0.43,6,8.230909091,-1,288,202
Nampalys Mendy,709257600,23-06-92,Premier League,2018/2019,Striker,Leicester City,1006,1082,France,16,15,28,2088,31,0,0,0,0,26,5,0,0,0,0,9,9,0,0,0,0,5,4,11,15,0,0,0,1.12,80,67,418,0,0.22,18,8.863636364,-1,397,271
Denis Odoi,580694400,27-05-88,Premier League,2018/2019,Striker,Fulham,1153,1440,Belgium,15,16,32,2593,31,0,1,0,0,59,4,0,0.03,0.03,0,5,9,0,0,0,1,3,2,23,36,0,0,0,2.05,44,84,648,2593,0.14,17,8.923636364,166,244,286
Harry Maguire,731289600,05-03-93,Premier League,2018/2019,Striker,Leicester City,1350,1249,England,15,16,28,2599,31,3,0,0,0,36,7,1,0.1,0,0.1,7,9,0,3,0,0,3,4,16,20,0,0.22,866,1.25,72,84,325,0,0.28,5,8.972727273,78,299,165
Jean Michaël Seri,679881600,19-07-91,Premier League,2018/2019,Striker,Fulham,1112,1140,Côte d'Ivoire,15,17,29,2252,32,1,2,0,0,53,6,0,0.12,0.08,0.04,4,9,1,0,0,2,2,2,23,30,0.08,0,2252,2.12,42,70,375,1126,0.24,7,8.058181818,-1,171,236
Robert Snodgrass,557971200,07-09-87,Premier League,2018/2019,Striker,West Ham United,1108,1114,Scotland,16,17,33,2222,33,2,5,0,0,31,10,0,0.28,0.2,0.08,6,9,1,1,4,1,3,3,16,15,0.08,0.08,1111,1.26,72,67,222,444,0.41,8,8.878181818,-1,64,188
Christopher Schindler,641347200,29-04-90,Premier League,2018/2019,Striker,Huddersfield Town,1642,1620,Germany,19,18,30,3262,37,1,0,0,0,69,6,1,0.03,0,0.03,5,9,0,1,0,0,3,2,30,39,0,0.06,3262,1.9,47,88,544,0,0.17,9,8.332727273,157,345,252
Philip Foden,959472000,28-05-00,Premier League,2018/2019,Striker,Manchester City,279,48,England,10,3,20,327,13,1,0,0,0,0,0,0,0.28,0,0.28,8,10,1,0,0,0,6,2,0,0,0.32,0,327,0,0,25,0,0,0,11,9.56,-1,386,67
Youri Tielemans,862963200,07-05-97,Premier League,2018/2019,Striker,Leicester City,575,517,Belgium,7,6,23,1092,13,3,4,0,0,13,2,0,0.58,0.33,0.25,3,10,2,1,2,2,3,0,5,8,0.31,0.17,364,1.07,84,84,546,273,0.16,4,9.341818182,-1,13,80
Ander Herrera,619056000,14-08-89,Premier League,2018/2019,Striker,Manchester United,617,787,Spain,10,12,31,1404,22,2,3,0,0,17,4,0,0.32,0.19,0.13,6,10,0,2,3,0,1,5,9,8,0,0.23,702,1.09,83,64,351,468,0.26,7,9.685454545,-1,68,134
Pedro Obiang,701654400,27-03-92,Premier League,2018/2019,Striker,West Ham United,609,512,Equatorial Guinea,13,11,29,1121,24,0,1,0,0,17,0,0,0.08,0.08,0,7,10,0,0,0,1,4,3,9,8,0,0,0,1.36,66,47,0,1121,0,22,9.205454545,-1,168,371
Robert Kenedy Nunes do Nascimento,823737600,08-02-96,Premier League,2018/2019,Striker,Newcastle United,611,733,Brazil,13,12,25,1344,25,1,1,0,1,17,1,0,0.13,0.07,0.07,8,10,0,1,1,0,3,5,9,8,0,0.12,1344,1.14,79,54,1344,1344,0.07,9,9.815454545,-1,184,193
Isaac Hayden,795830400,22-03-95,Premier League,2018/2019,Striker,Newcastle United,904,982,England,11,14,26,1886,25,1,4,0,0,25,4,1,0.24,0.19,0.05,7,10,0,1,4,0,3,4,12,13,0,0.09,1886,1.19,75,75,377,472,0.24,10,9.752727273,-1,67,219
Adam Smith,672883200,29-04-91,Premier League,2018/2019,Striker,AFC Bournemouth,1051,1022,England,12,13,29,2073,25,1,1,0,0,30,6,1,0.09,0.04,0.04,9,10,1,0,0,1,5,4,10,20,0.09,0,2073,1.3,69,83,296,2073,0.3,10,9.397272727,85,228,227
Christian Atsu Twasam,695001600,10-01-92,Premier League,2018/2019,Striker,Newcastle United,710,777,Ghana,13,15,29,1487,28,1,0,0,0,16,2,0,0.06,0,0.06,8,10,1,0,0,0,3,5,10,6,0.13,0,1487,0.97,93,53,744,0,0.12,7,9.574545455,-1,271,206
Stuart Armstrong,701913600,30-03-92,Premier League,2018/2019,Striker,Southampton,469,963,Scotland,11,18,29,1432,29,3,2,0,0,23,2,0,0.31,0.13,0.19,4,10,1,2,1,1,1,3,8,15,0.19,0.19,477,1.45,62,49,716,716,0.13,6,9.720909091,-1,114,98
Francisco Femenía Far,665452800,02-02-91,Premier League,2018/2019,Striker,Watford,1011,1034,Spain,14,15,30,2045,29,1,1,0,0,38,1,0,0.09,0.04,0.04,5,10,1,0,1,0,3,2,21,17,0.09,0,2045,1.67,54,71,2045,2045,0.04,12,9.624545455,-1,216,240
Sergio Rico,746841600,01-09-93,Premier League,2018/2019,Striker,Fulham,1350,1260,Spain,15,14,27,2610,29,0,0,0,0,53,1,0,0,0,0,5,10,0,0,0,0,3,2,24,29,0,0,0,1.83,49,90,2610,0,0.03,21,9.318181818,153,406,320
Davy Pröpper,683769600,02-09-91,Premier League,2018/2019,Striker,Brighton & Hove Albion,1371,1180,Netherlands,16,14,29,2551,30,1,1,0,0,44,2,0,0.07,0.04,0.04,5,10,0,1,0,1,4,1,19,25,0,0.08,2551,1.55,58,85,1276,2551,0.07,10,9.65,-1,226,241
Jonas Lössl,602294400,01-02-89,Premier League,2018/2019,Striker,Huddersfield Town,1427,1350,Denmark,16,15,32,2777,31,0,1,0,0,52,1,0,0.03,0.03,0,5,10,0,0,1,0,3,2,22,30,0,0,0,1.69,53,90,2777,2777,0.03,25,9.787272727,139,247,333
Terence Kongolo,761184000,14-02-94,Premier League,2018/2019,Striker,Huddersfield Town,1405,1317,Netherlands,17,15,27,2722,32,1,1,0,0,62,4,0,0.07,0.03,0.03,4,10,0,1,0,1,3,1,27,35,0,0.07,2722,2.05,44,85,681,2722,0.13,10,9.266363636,165,236,261
Jonny,762652800,03-03-94,Premier League,2018/2019,Striker,Wolverhampton Wanderers,1269,1511,Spain,16,17,27,2780,33,1,1,0,0,36,6,0,0.06,0.03,0.03,8,10,1,0,1,0,6,2,16,20,0.07,0,2780,1.17,77,84,463,2780,0.19,12,9.892727273,59,237,257
Issa Diop,852768000,09-01-97,Premier League,2018/2019,Striker,West Ham United,1530,1440,France,17,16,24,2970,33,1,0,0,0,38,4,0,0.03,0,0.03,7,10,1,0,0,0,4,3,20,18,0.06,0,2970,1.15,78,90,743,0,0.12,14,9.514545455,55,364,248
Declan Rice,916272000,14-01-99,Premier League,2018/2019,Striker,West Ham United,1440,1565,Republic of Ireland,16,18,22,3005,34,2,0,0,0,42,4,0,0.06,0,0.06,6,10,2,0,0,0,3,3,21,21,0.13,0,1503,1.26,72,88,751,0,0.12,9,9.938181818,-1,362,210
Mathew Ryan,702691200,08-04-92,Premier League,2018/2019,Striker,Brighton & Hove Albion,1530,1530,Australia,17,17,28,3060,34,0,0,0,0,52,2,0,0,0,0,6,10,0,0,0,0,4,2,25,27,0,0,0,1.53,59,90,1530,0,0.06,15,9.727272727,122,389,398
Lewis Dunk,690681600,21-11-91,Premier League,2018/2019,Striker,Brighton & Hove Albion,1550,1603,England,18,18,29,3153,36,2,1,0,0,53,7,1,0.09,0.03,0.06,7,10,0,2,0,1,5,2,24,29,0,0.11,1577,1.51,59,88,450,3153,0.2,5,9.998181818,120,252,203
Ben Mee,622339200,21-09-89,Premier League,2018/2019,Striker,Burnley,1710,1710,England,19,19,31,3420,38,0,2,0,0,57,9,0,0.05,0.05,0,8,10,0,0,1,1,5,3,27,30,0,0,0,1.5,60,90,380,1710,0.24,21,9.781818182,118,211,380
Joe Gomez,864345600,23-05-97,Premier League,2018/2019,Striker,Liverpool,493,567,England,8,8,23,1060,16,0,0,0,0,3,2,0,0,0,0,11,11,0,0,0,0,8,3,0,3,0,0,0,0.25,353,66,530,0,0.17,19,10.27272727,1,398,407
Nicolas Otamendi,571622400,12-02-88,Premier League,2018/2019,Striker,Manchester City,682,551,Argentina,9,9,33,1233,18,0,0,0,0,7,1,0,0,0,0,10,11,0,0,0,0,3,7,6,1,0,0,0,0.51,176,69,1233,0,0.07,16,10.13636364,4,385,273
André Schürrle,657849600,06-11-90,Premier League,2018/2019,Striker,Fulham,829,821,Germany,12,12,30,1650,24,6,0,0,0,42,2,0,0.33,0,0.33,1,11,3,3,0,0,0,1,20,22,0.33,0.33,275,2.29,39,69,825,0,0.11,2,10.47818182,-1,417,54
Jonny Evans,568166400,03-01-88,Premier League,2018/2019,Striker,Leicester City,1074,921,Northern Ireland,12,12,33,1995,24,1,0,0,0,22,2,0,0.05,0,0.05,8,11,1,0,0,0,6,2,9,13,0.08,0,1995,0.99,91,83,998,0,0.09,11,10.1,32,319,224
Pascal Groß,676944000,15-06-91,Premier League,2018/2019,Striker,Brighton & Hove Albion,993,885,Germany,13,12,29,1878,25,3,3,1,1,31,1,0,0.29,0.14,0.14,3,11,2,1,1,2,2,1,16,15,0.18,0.1,626,1.49,61,75,1878,626,0.05,4,10.88818182,-1,104,126
Harry Winks,823219200,02-02-96,Premier League,2018/2019,Striker,Tottenham Hotspur,832,759,England,13,13,25,1591,26,1,0,0,0,16,4,0,0.06,0,0.06,10,11,0,1,0,0,4,6,8,8,0,0.12,1591,0.91,99,61,398,0,0.23,9,10.57454545,-1,335,207
Danny Rose,646876800,02-07-90,Premier League,2018/2019,Striker,Tottenham Hotspur,969,837,England,13,13,30,1806,26,0,3,0,0,12,5,0,0.15,0.15,0,10,11,0,0,1,2,7,3,6,6,0,0,0,0.6,151,69,361,602,0.25,17,10.39090909,11,95,287
Paul Dummett,685843200,26-09-91,Premier League,2018/2019,Striker,Newcastle United,979,1007,Wales,13,13,29,1986,26,0,0,0,0,27,1,0,0,0,0,9,11,0,0,0,0,3,6,15,12,0,0,0,1.22,74,76,1986,0,0.05,22,10.95454545,69,269,347
André Filipe Tavares Gomes,743990400,30-07-93,Premier League,2018/2019,Striker,Everton,972,1014,Portugal,13,14,27,1986,27,1,1,0,0,27,7,0,0.09,0.05,0.05,10,11,1,0,1,0,6,4,13,14,0.09,0,1986,1.22,74,74,284,1986,0.32,11,10.64454545,-1,213,220
Mamadou Sakho,634867200,13-02-90,Premier League,2018/2019,Striker,Crystal Palace,1170,1247,France,13,14,31,2417,27,0,0,0,0,32,2,0,0,0,0,9,11,0,0,0,0,5,4,10,22,0,0,0,1.19,76,90,1209,0,0.07,21,10.90909091,64,403,322
Aron Einar Gunnarsson,609206400,22-04-89,Premier League,2018/2019,Striker,Cardiff City,1240,1034,Iceland,14,14,31,2274,28,1,1,0,0,37,5,0,0.08,0.04,0.04,8,11,1,0,1,0,4,4,20,17,0.07,0,2274,1.46,61,81,455,2274,0.2,9,10.52363636,-1,234,232
Max Meyer,811382400,18-09-95,Premier League,2018/2019,Striker,Crystal Palace,718,696,Germany,18,11,25,1414,29,1,2,0,0,19,3,0,0.19,0.13,0.06,8,11,0,1,0,2,7,1,5,14,0,0.13,1414,1.21,74,49,471,707,0.19,8,10.60727273,-1,110,209
Mohamed Diamé,550627200,14-06-87,Premier League,2018/2019,Striker,Newcastle United,960,1205,Senegal,13,16,33,2165,29,0,0,0,0,28,3,0,0,0,0,9,11,0,0,0,0,3,6,13,15,0,0,0,1.16,77,75,722,0,0.12,21,10.04545455,-1,267,348
Granit Xhaka,717552000,27-09-92,Premier League,2018/2019,Striker,Arsenal,1317,1185,Switzerland,15,14,28,2502,29,4,2,0,0,35,10,0,0.22,0.07,0.14,7,11,2,2,0,2,6,1,11,24,0.14,0.15,626,1.26,71,86,250,1251,0.36,6,10.61181818,-1,183,127
Victor Nilsson Lindelöf,774403200,17-07-94,Premier League,2018/2019,Striker,Manchester United,1112,1490,Sweden,13,17,26,2602,30,1,1,0,0,38,1,0,0.07,0.03,0.03,6,11,1,0,0,1,2,4,13,25,0.08,0,2602,1.31,68,87,2602,2602,0.03,14,10.58454545,88,246,263
Joe Bennett,638582400,28-03-90,Premier League,2018/2019,Striker,Cardiff City,1142,1499,England,13,17,31,2641,30,0,1,0,0,43,5,0,0.03,0.03,0,9,11,0,0,1,0,5,4,18,25,0,0,0,1.47,61,88,528,2641,0.17,23,10.96909091,112,241,324
Tom Cairney,664329600,20-01-91,Premier League,2018/2019,Striker,Fulham,1107,1091,Scotland,16,15,30,2198,31,1,1,0,0,49,0,0,0.08,0.04,0.04,4,11,1,0,1,0,3,1,21,28,0.08,0,2198,2.01,45,71,0,2198,0,10,10.11454545,-1,217,238
Jeff Hendrick,696816000,31-01-92,Premier League,2018/2019,Striker,Burnley,898,1171,Republic of Ireland,15,17,29,2069,32,3,0,0,0,41,4,0,0.13,0,0.13,6,11,1,2,0,0,3,3,18,23,0.1,0.15,690,1.78,50,65,517,0,0.17,6,10.98727273,-1,349,131
Will Hughes,798076800,17-04-95,Premier League,2018/2019,Striker,Watford,1251,1185,England,16,16,25,2436,32,2,4,0,0,39,5,0,0.22,0.15,0.07,5,11,1,1,2,2,3,2,19,20,0.07,0.08,1218,1.44,62,76,487,609,0.18,8,10.48545455,-1,91,199
Bernd Leno,699667200,04-03-92,Premier League,2018/2019,Striker,Arsenal,1395,1440,Germany,16,16,29,2835,32,0,0,0,0,39,0,0,0,0,0,7,11,0,0,0,0,6,1,12,27,0,0,0,1.24,73,89,0,0,0,23,10.54545455,76,413,390
Conor Coady,730598400,25-02-93,Premier League,2018/2019,Striker,Wolverhampton Wanderers,1710,1710,England,19,19,28,3420,38,0,0,0,0,43,5,0,0,0,0,9,11,0,0,0,0,7,2,20,23,0,0,0,1.13,80,90,684,0,0.13,18,10.40909091,-1,415,394
Oleksandr Zinchenko,850608000,15-12-96,Premier League,2018/2019,Striker,Manchester City,613,540,Ukraine,8,6,24,1153,14,0,3,0,0,4,1,0,0.23,0.23,0,10,12,0,0,2,1,6,4,2,2,0,0,0,0.31,288,82,1153,384,0.08,20,11.82363636,-1,50,284
Erik Lamela,699667200,04-03-92,Premier League,2018/2019,Striker,Tottenham Hotspur,493,478,Argentina,11,8,29,971,19,4,2,0,0,11,2,0,0.56,0.19,0.37,5,12,1,3,1,1,3,2,5,6,0.18,0.56,243,1.02,88,51,486,486,0.19,6,11.12,-1,69,45
Joel Matip,681609600,08-08-91,Premier League,2018/2019,Striker,Liverpool,811,721,Cameroon,10,12,29,1532,22,1,0,0,0,9,3,0,0.06,0,0.06,11,12,1,0,0,0,6,5,5,4,0.11,0,1532,0.53,170,70,511,0,0.18,11,11.43818182,8,286,215
Ben Davies,735609600,24-04-93,Premier League,2018/2019,Striker,Tottenham Hotspur,916,923,Wales,13,14,27,1839,27,0,0,0,0,24,2,0,0,0,0,10,12,0,0,0,0,6,4,10,14,0,0,0,1.17,77,68,920,0,0.1,26,11.18181818,60,274,353
Aaron Mooy,653356800,15-09-90,Premier League,2018/2019,Striker,Huddersfield Town,1190,1137,Australia,15,14,30,2327,29,3,1,1,0,46,4,0,0.15,0.04,0.12,4,12,1,2,0,1,3,1,20,26,0.08,0.16,776,1.78,51,80,582,2327,0.15,3,11.49181818,-1,233,144
James Tomkins,607132800,29-03-89,Premier League,2018/2019,Striker,Crystal Palace,1140,1423,England,13,16,32,2563,29,1,1,0,0,34,6,0,0.07,0.04,0.04,10,12,0,1,0,1,5,5,12,22,0,0.06,2563,1.19,75,88,427,2563,0.21,9,11.74090909,63,215,235
James Tarkowski,722131200,19-11-92,Premier League,2018/2019,Striker,Burnley,1620,1467,England,18,17,28,3087,35,3,1,0,0,52,8,0,0.12,0.03,0.09,7,12,2,1,1,0,5,2,25,27,0.11,0.06,1029,1.52,59,88,386,3087,0.23,4,11.46727273,121,238,170
Rui Pedro dos Santos Patrício,571881600,15-02-88,Premier League,2018/2019,Striker,Wolverhampton Wanderers,1620,1710,Portugal,18,19,33,3330,37,0,0,0,0,43,0,0,0,0,0,8,12,0,0,0,0,6,2,20,23,0,0,0,1.16,77,90,0,0,0,19,11.90909091,56,328,405
Onyinye Wilfred Ndidi,850694400,16-12-96,Premier League,2018/2019,Striker,Leicester City,1624,1675,Nigeria,19,19,24,3299,38,2,0,0,0,42,8,0,0.05,0,0.05,10,12,2,0,0,0,6,4,18,24,0.11,0,1650,1.15,79,87,412,0,0.22,9,11.91818182,-1,332,218
David de Gea,657936000,07-11-90,Premier League,2018/2019,Striker,Manchester United,1710,1710,Spain,19,19,30,3420,38,0,0,0,0,51,1,0,0,0,0,7,12,0,0,0,0,2,5,23,28,0,0,0,1.34,67,90,3420,0,0.03,18,11.13636364,91,419,310
Ben Foster,418176000,03-04-83,Premier League,2018/2019,Striker,Watford,1710,1710,England,19,19,37,3420,38,0,0,0,0,57,1,0,0,0,0,7,12,0,0,0,0,4,3,28,29,0,0,0,1.5,60,90,3420,0,0.03,18,11.68181818,116,353,365
Łukasz Fabiański,482630400,18-04-85,Premier League,2018/2019,Striker,West Ham United,1710,1710,Poland,19,19,35,3420,38,0,0,0,0,48,0,0,0,0,0,7,12,0,0,0,0,4,3,23,25,0,0,0,1.26,71,90,0,0,0,19,11.36363636,81,343,391
Marc Albrighton,627350400,18-11-89,Premier League,2018/2019,Striker,Leicester City,797,829,England,14,13,31,1626,27,2,2,0,0,17,3,0,0.22,0.11,0.11,9,13,1,1,1,1,5,4,8,9,0.11,0.11,813,0.94,96,60,542,813,0.17,8,12.48545455,-1,140,156
Souleymane Bamba,474422400,13-01-85,Premier League,2018/2019,Striker,Cardiff City,1260,1215,Côte d'Ivoire,14,14,36,2475,28,4,1,0,0,46,7,0,0.18,0.04,0.15,7,13,2,2,1,0,4,3,23,23,0.14,0.15,619,1.67,54,88,354,2475,0.25,4,12.55181818,136,222,118
Cheikhou Kouyaté,630201600,21-12-89,Premier League,2018/2019,Striker,Crystal Palace,865,1032,Senegal,14,17,31,1897,31,0,2,0,0,24,3,0,0.09,0.09,0,11,13,0,0,1,1,6,5,7,17,0,0,0,1.14,79,61,632,949,0.14,20,12.86181818,-1,161,323
Jamal Lascelles,752976000,11-11-93,Premier League,2018/2019,Striker,Newcastle United,1308,1440,England,16,16,27,2748,32,0,1,0,0,33,4,0,0.03,0.03,0,11,13,0,0,1,0,5,6,16,17,0,0,0,1.08,83,86,687,2748,0.13,23,12.56,41,245,346
Antonio Rüdiger,731116800,03-03-93,Premier League,2018/2019,Striker,Chelsea,1350,1524,Germany,15,18,28,2874,33,1,0,0,0,34,7,0,0.03,0,0.03,12,13,1,0,0,0,7,5,10,24,0.07,0,2874,1.06,85,87,411,0,0.22,13,12.65090909,38,374,259
Solomon March,774662400,20-07-94,Premier League,2018/2019,Striker,Brighton & Hove Albion,1153,1320,England,16,19,26,2473,35,1,5,0,0,39,1,0,0.22,0.18,0.04,6,13,1,0,1,4,4,2,13,26,0.08,0,2473,1.42,63,71,2473,495,0.04,11,12.98545455,-1,82,242
Craig Cathcart,602726400,06-02-89,Premier League,2018/2019,Striker,Watford,1561,1538,Northern Ireland,18,18,32,3099,36,3,0,0,0,52,2,0,0.09,0,0.09,6,13,1,2,0,0,3,3,28,24,0.06,0.12,1033,1.51,60,86,1550,0,0.06,6,12.90727273,119,400,177
Jack Cork,614736000,25-06-89,Premier League,2018/2019,Striker,Burnley,1693,1620,England,19,18,31,3313,37,1,2,0,0,54,6,0,0.08,0.05,0.03,8,13,1,0,1,1,5,3,27,27,0.05,0,3313,1.47,61,90,552,1657,0.16,11,12.06909091,-1,204,249
Charlie Taylor,748310400,18-09-93,Premier League,2018/2019,Striker,Burnley,1636,1604,England,19,19,27,3240,38,0,1,0,0,53,2,0,0.03,0.03,0,8,13,0,0,1,0,5,3,24,29,0,0,0,1.47,61,85,1620,3240,0.06,19,12.37818182,111,239,381
Kasper Schmeichel,531532800,05-11-86,Premier League,2018/2019,Striker,Leicester City,1710,1710,Denmark,19,19,34,3420,38,0,0,0,0,43,3,0,0,0,0,10,13,0,0,0,0,6,4,18,25,0,0,0,1.13,80,90,1140,0,0.08,25,12.40909091,50,302,342
Mesut Özil,592876800,15-10-88,Premier League,2018/2019,Striker,Arsenal,1139,602,Germany,14,10,32,1741,24,5,2,0,0,23,2,0,0.36,0.1,0.26,6,14,4,1,2,0,5,1,11,12,0.32,0.15,348,1.19,76,73,871,871,0.1,4,13.81090909,-1,151,73
John Stones,770083200,28-05-94,Premier League,2018/2019,Striker,Manchester City,968,794,England,12,12,26,1762,24,0,0,0,0,15,1,0,0,0,0,13,14,0,0,0,0,6,7,8,7,0,0,0,0.77,117,73,1762,0,0.05,17,13.86363636,17,418,309
Dele Alli,829180800,11-04-96,Premier League,2018/2019,Striker,Tottenham Hotspur,755,1072,England,11,14,24,1827,25,5,3,0,0,17,4,0,0.39,0.15,0.25,7,14,1,4,2,1,3,4,4,13,0.12,0.34,365,0.84,107,73,457,609,0.2,5,13.83545455,-1,97,82
Jesse Lingard,724377600,15-12-92,Premier League,2018/2019,Striker,Manchester United,963,705,England,15,12,28,1668,27,4,2,1,0,25,3,0,0.32,0.11,0.22,6,14,1,3,1,1,2,4,16,9,0.09,0.38,417,1.35,67,62,556,834,0.16,5,13.92272727,-1,135,87
Callum Paterson,782006400,13-10-94,Premier League,2018/2019,Striker,Cardiff City,1024,972,Scotland,14,13,26,1996,27,4,1,0,0,37,4,0,0.23,0.05,0.18,7,14,3,1,0,1,5,2,18,19,0.26,0.09,499,1.67,54,74,499,1996,0.18,3,13.32363636,137,202,108
Kieran Trippier,653702400,19-09-90,Premier League,2018/2019,Striker,Tottenham Hotspur,1188,1090,England,14,13,30,2278,27,1,3,0,0,20,2,0,0.16,0.12,0.04,10,14,1,0,0,3,5,5,10,10,0.08,0,2278,0.79,114,84,1139,759,0.08,12,13.63818182,19,122,230
Steve Cook,672019200,19-04-91,Premier League,2018/2019,Striker,AFC Bournemouth,1350,1437,England,15,16,29,2787,31,1,1,0,0,53,3,0,0.06,0.03,0.03,9,14,0,1,0,1,6,3,17,36,0,0.06,2787,1.71,53,90,929,2787,0.1,9,13.93818182,145,243,254
Mateo Kovačić,768182400,06-05-94,Premier League,2018/2019,Striker,Chelsea,968,775,Croatia,17,15,26,1743,32,0,2,0,0,18,3,0,0.1,0.1,0,12,14,0,0,1,1,8,4,4,14,0,0,0,0.93,97,54,581,872,0.15,20,13.33636364,-1,150,291
Idrissa Gana Gueye,622771200,26-09-89,Premier League,2018/2019,Striker,Everton,1407,1418,Senegal,16,17,31,2825,33,0,2,0,0,29,6,0,0.06,0.06,0,13,14,0,0,1,1,9,4,10,19,0,0,0,0.92,97,86,471,1413,0.19,19,13.75636364,-1,193,413
Toby Alderweireld,604800000,02-03-89,Premier League,2018/2019,Striker,Tottenham Hotspur,1549,1375,Belgium,18,16,32,2924,34,0,0,0,0,28,3,0,0,0,0,12,14,0,0,0,0,6,6,15,13,0,0,0,0.86,104,86,975,0,0.09,20,13.04545455,20,275,356
Sean Morrison,663292800,08-01-91,Premier League,2018/2019,Striker,Cardiff City,1600,1440,England,18,16,30,3040,34,1,3,0,0,57,6,0,0.12,0.09,0.03,9,14,0,1,2,1,4,5,34,23,0,0.06,3040,1.69,53,89,507,1013,0.18,8,13.92181818,140,164,255
Shane Duffy,694224000,01-01-92,Premier League,2018/2019,Striker,Brighton & Hove Albion,1558,1530,Republic of Ireland,18,17,29,3088,35,5,1,0,0,51,5,1,0.17,0.03,0.15,7,14,2,3,1,0,5,2,23,28,0.12,0.18,618,1.49,61,88,515,3088,0.17,2,13.98636364,115,253,123
Aaron Wan-Bissaka,880502400,26-11-97,Premier League,2018/2019,Striker,Crystal Palace,1605,1530,England,18,17,23,3135,35,0,3,0,0,41,5,1,0.09,0.09,0,12,14,0,0,1,2,7,5,17,24,0,0,0,1.18,76,90,523,1045,0.17,22,13.90727273,-1,160,312
Willy Boly,665539200,03-02-91,Premier League,2018/2019,Striker,Wolverhampton Wanderers,1530,1639,France,17,19,30,3169,36,4,0,0,0,38,3,1,0.11,0,0.11,8,14,2,2,0,0,6,2,17,21,0.12,0.11,792,1.08,83,88,792,0,0.11,4,13.17454545,43,312,148
Ben Chilwell,851126400,21-12-96,Premier League,2018/2019,Striker,Leicester City,1620,1620,England,18,18,24,3240,36,0,4,0,0,39,4,0,0.11,0.11,0,10,14,0,0,1,3,6,4,15,24,0,0,0,1.08,83,90,810,810,0.11,16,13.76545455,44,139,344
Nathaniel Mendez-Laing,703296000,15-04-92,Premier League,2018/2019,Striker,Cardiff City,442,542,England,9,11,28,984,20,4,1,1,0,15,0,0,0.46,0.09,0.37,6,15,0,4,1,0,3,3,8,7,0,0.66,246,1.37,66,49,0,984,0,5,14.28363636,-1,159,46
Junior Stanislas,628041600,26-11-89,Premier League,2018/2019,Striker,AFC Bournemouth,559,468,England,12,11,31,1027,23,2,3,1,0,24,1,0,0.44,0.26,0.18,7,15,1,1,3,0,4,3,8,16,0.16,0.19,514,2.1,43,45,1027,342,0.09,7,14.56181818,-1,35,104
Henrikh Mkhitaryan,601344000,21-01-89,Premier League,2018/2019,Striker,Arsenal,650,993,Armenia,11,14,32,1643,25,6,4,0,0,25,1,0,0.55,0.22,0.33,4,15,3,3,3,1,3,1,9,16,0.42,0.27,274,1.37,66,66,1643,411,0.05,3,14.87272727,-1,56,53
James Ward-Prowse,783648000,01-11-94,Premier League,2018/2019,Striker,Southampton,942,1000,England,13,13,26,1942,26,7,0,1,0,36,4,0,0.32,0,0.32,4,15,5,2,0,0,2,2,15,21,0.48,0.18,277,1.67,54,75,486,0,0.19,1,14.41272727,-1,347,58
Johann Berg Guðmunds­son,656985600,27-10-90,Premier League,2018/2019,Striker,Burnley,847,901,Iceland,15,14,30,1748,29,3,6,0,0,31,2,0,0.46,0.31,0.15,6,15,0,3,5,1,4,2,13,18,0,0.3,583,1.6,56,60,874,291,0.1,5,14.73818182,-1,18,122
Moussa Sissoko,619228800,16-08-89,Premier League,2018/2019,Striker,Tottenham Hotspur,1187,1149,France,15,14,31,2336,29,0,3,0,0,26,2,0,0.12,0.12,0,11,15,0,0,2,1,6,5,10,16,0,0,0,1,90,81,1168,779,0.08,25,14.10363636,-1,131,354
Jeffrey Schlupp,725068800,23-12-92,Premier League,2018/2019,Striker,Crystal Palace,849,816,Ghana,14,16,28,1665,30,4,1,0,0,24,1,0,0.27,0.05,0.22,8,15,1,3,1,0,4,4,11,13,0.11,0.33,416,1.3,69,56,1665,1665,0.05,5,14.72181818,86,209,89
Kurt Zouma,783216000,27-10-94,Premier League,2018/2019,Striker,Everton,1350,1260,France,16,16,26,2610,32,2,2,0,0,37,5,1,0.14,0.07,0.07,11,15,1,1,0,2,8,3,17,20,0.07,0.07,1305,1.28,71,82,522,1305,0.17,7,14.14363636,83,185,192
Michail Antonio,638582400,28-03-90,Premier League,2018/2019,Striker,West Ham United,998,1101,England,16,17,31,2099,33,6,4,0,0,26,3,0,0.43,0.17,0.26,5,15,4,2,2,2,3,2,10,16,0.36,0.16,350,1.11,81,64,700,525,0.13,4,14.72363636,-1,85,77
Hugo Lloris,535939200,26-12-86,Premier League,2018/2019,Striker,Tottenham Hotspur,1620,1350,France,18,15,34,2970,33,0,0,0,0,30,0,0,0,0,0,12,15,0,0,0,0,7,5,13,17,0,0,0,0.91,99,90,0,0,0,19,14.72727273,21,284,339
Demarai Gray,835920000,28-06-96,Premier League,2018/2019,Striker,Leicester City,1069,923,England,17,17,24,1992,34,4,1,0,0,26,2,0,0.23,0.05,0.18,8,15,1,3,1,0,5,3,10,16,0.08,0.29,498,1.17,77,59,996,1992,0.09,3,14.32363636,-1,212,103
Ashley Westwood,638928000,01-04-90,Premier League,2018/2019,Striker,Burnley,1530,1292,England,18,16,31,2822,34,2,7,0,0,44,5,0,0.29,0.22,0.06,7,15,0,2,2,5,5,2,22,22,0,0.14,1411,1.4,64,83,564,403,0.16,8,14.57,-1,55,212
Ryan Sessegnon,958608000,18-05-00,Premier League,2018/2019,Striker,Fulham,1095,1203,England,18,17,20,2298,35,2,6,0,0,58,0,0,0.31,0.23,0.08,4,15,1,1,3,3,3,1,22,36,0.08,0.07,1149,2.27,40,66,0,383,0,6,14.89272727,168,53,182
Neil Leonard Dula Etheridge,634348800,07-02-90,Premier League,2018/2019,Striker,Cardiff City,1710,1710,Philippines,19,19,31,3420,38,0,0,0,0,61,2,0,0,0,0,10,15,0,0,0,0,5,5,34,27,0,0,0,1.61,56,90,1710,0,0.05,17,14.54545455,134,392,363
Martin Dúbravka,600825600,15-01-89,Premier League,2018/2019,Striker,Newcastle United,1710,1710,Slovakia,19,19,32,3420,38,0,0,0,0,44,1,0,0,0,0,11,15,0,0,0,0,5,6,23,21,0,0,0,1.16,78,90,3420,0,0.03,18,14.5,58,317,345
Kevin De Bruyne,678067200,28-06-91,Premier League,2018/2019,Striker,Manchester City,477,497,Belgium,9,10,29,974,19,2,2,0,0,3,2,0,0.37,0.18,0.18,12,16,2,0,0,2,6,6,1,2,0.38,0,487,0.28,325,51,487,487,0.18,10,15.00272727,-1,75,109
Fabinho,751334400,23-10-93,Premier League,2018/2019,Striker,Liverpool,1051,962,Brazil,14,14,27,2013,28,1,2,0,0,13,6,0,0.13,0.09,0.04,15,16,1,0,1,1,7,8,6,7,0.09,0,2013,0.58,155,72,336,1007,0.27,15,15.44181818,-1,166,229
Abdoulaye Doucouré,725846400,01-01-93,Premier League,2018/2019,Striker,Watford,1566,1496,France,18,17,28,3062,35,5,6,0,0,54,7,0,0.32,0.18,0.15,5,16,3,2,2,4,3,2,27,27,0.17,0.12,612,1.59,57,87,437,510,0.21,5,15.05909091,-1,80,124
Ricardo Domingos Barbosa Pereira,749865600,06-10-93,Premier League,2018/2019,Striker,Leicester City,1526,1599,Portugal,17,18,27,3125,35,2,6,0,0,40,7,0,0.23,0.17,0.06,10,16,2,0,3,3,6,4,16,24,0.12,0,1563,1.15,78,89,446,521,0.2,7,15.59636364,52,84,214
João Moutinho,526521600,08-09-86,Premier League,2018/2019,Striker,Wolverhampton Wanderers,1532,1508,Portugal,19,19,34,3040,38,1,8,0,0,37,4,0,0.27,0.24,0.03,9,16,0,1,5,3,7,2,17,20,0,0.06,3040,1.1,82,80,760,380,0.12,11,15.90363636,-1,44,258
Bruno Écuélé Manga,585014400,16-07-88,Premier League,2018/2019,Striker,Cardiff City,1710,1665,Gabon,19,19,32,3375,38,0,1,0,0,59,0,0,0.03,0.03,0,10,16,0,0,1,0,5,5,34,25,0,0,0,1.57,57,89,0,3375,0,24,15.92363636,126,242,337
Bobby Reid,728611200,02-02-93,Premier League,2018/2019,Striker,Cardiff City,725,697,England,11,16,28,1422,27,5,2,1,0,27,0,0,0.44,0.13,0.32,6,17,4,1,1,1,2,4,19,8,0.5,0.13,284,1.71,53,53,0,711,0,2,16.84454545,-1,115,55
Aaron Ramsey,662169600,26-12-90,Premier League,2018/2019,Striker,Arsenal,689,638,Wales,14,14,30,1327,28,4,6,0,0,12,0,0,0.68,0.41,0.27,7,17,2,2,5,1,6,1,2,10,0.26,0.28,332,0.81,111,47,0,221,0,5,16.45090909,-1,8,69
Bernard Anício Caldeira Duarte,715910400,08-09-92,Premier League,2018/2019,Striker,Everton,960,1168,Brazil,16,18,28,2128,34,1,3,0,0,19,5,0,0.17,0.13,0.04,14,17,0,1,1,2,9,5,5,14,0,0.08,2128,0.8,112,63,426,709,0.21,12,16.06727273,-1,117,243
Rúben Diogo Da Silva Neves,858211200,13-03-97,Premier League,2018/2019,Striker,Wolverhampton Wanderers,1451,1558,Portugal,17,18,24,3009,35,4,3,2,0,40,8,0,0.21,0.09,0.12,8,17,3,1,2,1,6,2,19,21,0.19,0.06,752,1.2,75,86,376,1003,0.24,3,16.55636364,-1,162,145
Matt Ritchie,621388800,10-09-89,Premier League,2018/2019,Striker,Newcastle United,1557,1383,Scotland,19,17,31,2940,36,2,8,1,1,37,9,0,0.31,0.24,0.06,11,17,1,1,2,6,5,6,21,16,0.06,0.07,1470,1.13,79,82,327,368,0.28,6,16.97363636,-1,46,216
Kepa Arrizabalaga,781142400,03-10-94,Premier League,2018/2019,Striker,Chelsea,1620,1620,Spain,18,18,26,3240,36,0,0,0,0,38,2,0,0,0,0,14,17,0,0,0,0,9,5,12,26,0,0,0,1.06,85,90,1620,0,0.06,24,16.45454545,39,363,364
Matt Doherty,695520000,16-01-92,Premier League,2018/2019,Striker,Wolverhampton Wanderers,1557,1590,Republic of Ireland,19,19,29,3147,38,4,5,0,0,38,5,0,0.26,0.14,0.11,9,17,1,3,4,1,7,2,18,20,0.06,0.17,787,1.09,83,83,629,629,0.14,5,16.96454545,46,100,155
Fernando Luiz Rosa,484012800,04-05-85,Premier League,2018/2019,Striker,Manchester City,1286,1095,Brazil,15,14,35,2381,29,1,3,0,0,15,5,0,0.15,0.11,0.04,16,18,1,0,3,0,7,9,8,7,0.07,0,2381,0.57,159,82,476,794,0.19,15,17.66363636,-1,132,228
Marcos Alonso,662342400,28-12-90,Premier League,2018/2019,Striker,Chelsea,1338,1423,Spain,15,16,30,2761,31,2,4,0,0,28,6,0,0.2,0.13,0.07,14,18,1,1,3,1,8,6,9,19,0.07,0.06,1381,0.91,99,89,460,690,0.2,10,17.94545455,22,112,191
Michael Keane,726710400,11-01-93,Premier League,2018/2019,Striker,Everton,1350,1620,England,15,18,28,2970,33,1,2,0,0,37,2,0,0.09,0.06,0.03,13,18,0,1,1,1,8,5,15,22,0,0.06,2970,1.12,80,90,1485,1485,0.06,10,17.54363636,49,196,251
Jordan Pickford,762998400,07-03-94,Premier League,2018/2019,Striker,Everton,1710,1710,England,19,19,27,3420,38,0,0,0,0,44,1,0,0,0,0,14,18,0,0,0,0,9,5,20,24,0,0,0,1.16,78,90,3420,0,0.03,14,17.5,57,260,409
Naby Deco Keïta,792374400,10-02-95,Premier League,2018/2019,Striker,Liverpool,729,663,Guinea,14,11,26,1392,25,2,1,0,0,7,0,0,0.19,0.06,0.13,15,19,1,1,1,0,10,5,4,3,0.12,0.14,696,0.45,199,56,0,1392,0,9,18.51636364,-1,190,138
Ross Barkley,755049600,05-12-93,Premier League,2018/2019,Striker,Chelsea,432,809,England,11,16,27,1241,27,3,5,0,0,13,1,0,0.58,0.36,0.22,11,19,1,2,2,3,5,6,5,8,0.21,0.22,414,0.94,95,46,1241,248,0.07,7,18.34181818,-1,12,84
Séamus Coleman,592531200,11-10-88,Premier League,2018/2019,Striker,Everton,1333,1227,Republic of Ireland,15,14,32,2560,29,2,2,0,0,29,1,0,0.14,0.07,0.07,13,19,2,0,0,2,8,5,15,14,0.14,0,1280,1.02,88,88,2560,1280,0.04,8,18.41636364,34,178,197
Víctor Camarasa,770083200,28-05-94,Premier League,2018/2019,Striker,Cardiff City,1267,1312,Spain,16,16,26,2579,32,5,4,1,0,48,6,0,0.31,0.14,0.17,8,19,4,1,1,3,4,4,25,23,0.28,0.07,516,1.68,54,81,430,645,0.21,1,18.48363636,-1,106,111
Diogo José Teixeira da Silva,849657600,04-12-96,Premier League,2018/2019,Striker,Wolverhampton Wanderers,1210,1161,Portugal,16,17,24,2371,33,9,5,0,0,29,11,0,0.53,0.19,0.34,9,19,7,2,3,2,7,2,11,18,0.52,0.16,263,1.1,82,72,216,474,0.42,2,18.69636364,-1,71,52
Patrick van Aanholt,651888000,29-08-90,Premier League,2018/2019,Striker,Crystal Palace,1703,1495,Netherlands,19,17,30,3198,36,3,2,0,0,41,3,0,0.14,0.06,0.08,12,19,2,1,0,2,7,5,19,22,0.11,0.06,1066,1.15,78,89,1066,1599,0.08,6,18.50727273,53,199,184
Jorginho,693187200,20-12-91,Premier League,2018/2019,Striker,Chelsea,1621,1544,Italy,19,18,29,3165,37,2,0,1,0,36,8,0,0.06,0,0.06,16,19,0,2,0,0,10,6,12,24,0,0.12,1583,1.02,88,86,396,0,0.23,11,18.89272727,-1,375,213
Nathan Redmond,762912000,06-03-94,Premier League,2018/2019,Striker,Southampton,1633,1643,England,19,19,27,3276,38,6,4,0,0,53,3,0,0.27,0.11,0.16,7,19,4,2,2,2,3,4,22,31,0.22,0.11,546,1.46,62,86,1092,819,0.08,3,18.85818182,-1,137,116
Nathan Aké,793065600,18-02-95,Premier League,2018/2019,Striker,AFC Bournemouth,1710,1702,Netherlands,19,19,26,3412,38,4,0,0,0,66,3,0,0.11,0,0.11,10,19,3,1,0,0,6,4,23,43,0.16,0.05,853,1.74,52,90,1137,0,0.08,5,18.72,148,337,150
Mark Noble,547430400,08-05-87,Premier League,2018/2019,Striker,West Ham United,1147,1161,England,15,16,33,2308,31,5,5,4,0,29,7,1,0.39,0.19,0.19,7,20,2,3,4,1,4,3,12,17,0.16,0.23,462,1.13,80,74,289,462,0.31,5,19.40636364,-1,70,96
Kyle Walker,643852800,28-05-90,Premier League,2018/2019,Striker,Manchester City,1245,1532,England,15,18,30,2777,33,1,1,0,0,17,3,0,0.06,0.03,0.03,18,20,1,0,0,1,7,11,9,8,0.07,0,2777,0.55,163,84,926,2777,0.1,14,19.66545455,10,248,250
Lucas Digne,743126400,20-07-93,Premier League,2018/2019,Striker,Everton,1511,1479,France,17,18,27,2990,35,4,4,0,0,36,6,1,0.24,0.12,0.12,14,20,2,2,2,2,9,5,16,20,0.12,0.12,748,1.08,83,85,427,748,0.21,5,19.75272727,42,125,147
James Maddison,848707200,23-11-96,Premier League,2018/2019,Striker,Leicester City,1535,1315,England,18,18,24,2850,36,7,7,1,1,39,5,1,0.44,0.22,0.22,8,20,3,4,4,3,5,3,18,21,0.18,0.27,407,1.23,73,79,570,407,0.16,2,19.92545455,-1,60,83
James McArthur,560563200,07-10-87,Premier League,2018/2019,Striker,Crystal Palace,1506,1565,Scotland,19,19,33,3071,38,3,6,0,0,44,7,0,0.26,0.18,0.09,12,20,1,2,1,5,7,5,19,25,0.06,0.12,1024,1.29,70,81,439,512,0.21,7,19.03,-1,74,179
Xherdan Shaqiri,687052800,10-10-91,Premier League,2018/2019,Striker,Liverpool,538,520,Switzerland,12,12,29,1058,24,6,3,0,0,5,2,0,0.77,0.26,0.51,12,21,5,1,0,3,7,5,3,2,0.84,0.17,176,0.43,212,44,529,353,0.17,4,20.49454545,-1,39,15
Jordan Henderson,645580800,17-06-90,Premier League,2018/2019,Striker,Liverpool,925,1058,England,16,16,30,1983,32,1,3,0,0,11,3,1,0.18,0.14,0.05,19,21,0,1,2,1,10,9,4,7,0,0.09,1983,0.5,180,62,661,661,0.14,14,20.37,-1,102,217
Felipe Anderson Pereira Gomes,734832000,15-04-93,Premier League,2018/2019,Striker,West Ham United,1439,1615,Brazil,17,19,27,3054,36,9,4,0,0,43,3,0,0.38,0.12,0.27,6,21,4,5,2,2,3,3,21,22,0.25,0.28,339,1.27,71,85,1018,764,0.09,2,20.17909091,-1,130,70
Ruben Loftus-Cheek,822355200,23-01-96,Premier League,2018/2019,Striker,Chelsea,507,476,England,12,12,25,983,24,6,2,0,0,8,0,0,0.73,0.18,0.55,12,22,3,3,2,0,9,3,2,6,0.53,0.57,164,0.73,123,41,0,492,0,3,21.18727273,-1,83,11
Pedro Rodriguez,554428800,28-07-87,Premier League,2018/2019,Striker,Chelsea,958,822,Spain,15,16,33,1780,31,8,2,0,0,18,2,0,0.51,0.1,0.4,11,22,6,2,2,0,7,4,7,11,0.56,0.22,223,0.91,99,57,890,890,0.1,2,21.64636364,-1,144,35
Wilfried Zaha,721353600,10-11-92,Premier League,2018/2019,Striker,Crystal Palace,1347,1694,Côte d'Ivoire,15,19,28,3041,34,10,5,0,0,45,10,1,0.44,0.15,0.3,10,22,1,9,3,2,5,5,18,27,0.07,0.48,304,1.33,68,89,304,608,0.3,2,21.48090909,-1,92,63
David Luiz,546048000,22-04-87,Premier League,2018/2019,Striker,Chelsea,1709,1530,Brazil,19,17,33,3239,36,3,2,0,0,35,3,0,0.14,0.06,0.08,16,22,3,0,1,1,10,6,12,23,0.16,0,1080,0.97,93,90,1080,1620,0.08,9,21.96181818,27,198,186
Cesar Azpilicueta,620265600,28-08-89,Premier League,2018/2019,Striker,Chelsea,1693,1710,Spain,19,19,31,3403,38,1,5,0,0,38,4,0,0.16,0.13,0.03,16,22,0,1,3,2,10,6,12,26,0,0.05,3403,1,90,90,851,681,0.11,14,21.27454545,33,116,260
Ederson,745545600,17-08-93,Premier League,2018/2019,Striker,Manchester City,1710,1710,Brazil,19,19,27,3420,38,0,1,0,0,23,2,0,0.03,0.03,0,20,22,0,0,1,0,9,11,12,11,0,0,0,0.61,149,90,1710,3420,0.05,21,21.65090909,13,240,366
Lucas Rodrigues Moura da Silva,713664000,13-08-92,Premier League,2018/2019,Striker,Tottenham Hotspur,1040,1087,Brazil,15,17,28,2127,32,10,0,0,0,16,3,0,0.42,0,0.42,12,23,6,4,0,0,7,5,9,7,0.52,0.33,213,0.68,133,66,709,0,0.13,3,22.79454545,-1,279,30
Alisson Becker,717984000,02-10-92,Premier League,2018/2019,Striker,Liverpool,1710,1710,Brazil,19,19,28,3420,38,0,0,0,0,19,1,0,0,0,0,21,23,0,0,0,0,12,9,8,11,0,0,0,0.5,180,90,3420,0,0.03,16,22.22727273,3,387,417
Riyad Mahrez,667094400,21-02-91,Premier League,2018/2019,Striker,Manchester City,647,692,Algeria,14,13,30,1339,27,7,4,0,1,9,0,0,0.74,0.27,0.47,13,24,1,6,2,2,6,7,4,5,0.14,0.78,191,0.6,149,50,0,335,0,6,23.29818182,-1,32,22
Trent Alexander-Arnold,907718400,07-10-98,Premier League,2018/2019,Striker,Liverpool,1266,1201,England,15,14,22,2467,29,1,12,0,0,14,3,0,0.47,0.44,0.04,16,24,0,1,8,4,11,5,4,10,0,0.07,2467,0.51,176,85,822,206,0.11,13,23.72272727,6,6,233
İlkay Gündoğan,656726400,24-10-90,Premier League,2018/2019,Striker,Manchester City,985,1150,Germany,15,16,30,2135,31,6,3,0,0,15,3,0,0.38,0.13,0.25,15,24,4,2,0,3,6,9,8,7,0.37,0.16,356,0.63,142,69,712,712,0.13,8,23.12363636,-1,120,78
Aymeric Laporte,769996800,27-05-94,Premier League,2018/2019,Striker,Manchester City,1526,1531,France,17,18,26,3057,35,3,3,0,0,21,3,0,0.18,0.09,0.09,18,24,0,3,3,0,8,10,11,10,0,0.18,1019,0.62,146,87,1019,1019,0.09,9,23.26909091,14,158,176
N'Golo Kanté,670204800,29-03-91,Premier League,2018/2019,Striker,Chelsea,1579,1517,France,19,17,30,3096,36,4,4,0,0,37,3,0,0.23,0.12,0.12,15,24,2,2,3,1,10,5,12,25,0.11,0.12,774,1.08,84,86,1032,774,0.09,6,23.33363636,-1,126,141
Georginio Wijnaldum,658281600,11-11-90,Premier League,2018/2019,Striker,Liverpool,1413,1322,Netherlands,18,17,30,2735,35,3,0,0,0,15,3,0,0.1,0,0.1,21,25,1,2,0,0,12,9,6,9,0.06,0.14,912,0.49,182,78,912,0,0.1,8,24.06363636,-1,416,164
Andros Townsend,679622400,16-07-91,Premier League,2018/2019,Striker,Crystal Palace,1571,1447,England,19,19,29,3018,38,6,4,0,0,44,1,0,0.3,0.12,0.18,12,25,2,4,2,2,7,5,20,24,0.11,0.25,503,1.31,69,79,3018,755,0.03,3,24.1,-1,127,102
James Milner,505180800,04-01-86,Premier League,2018/2019,Striker,Liverpool,646,1139,England,12,19,35,1785,31,5,4,3,0,11,7,1,0.45,0.2,0.25,18,27,0,5,2,2,9,9,4,7,0,0.4,357,0.55,162,58,255,446,0.35,5,26.9,-1,65,81
Christian Eriksen,698025600,14-02-92,Premier League,2018/2019,Striker,Tottenham Hotspur,1457,1315,Denmark,18,17,29,2772,35,8,12,0,0,34,3,0,0.65,0.39,0.26,10,27,6,2,8,4,6,4,14,20,0.37,0.14,347,1.1,82,79,924,231,0.1,4,26.89090909,-1,10,76
Andrew Robertson,763344000,11-03-94,Premier League,2018/2019,Striker,Liverpool,1599,1620,Scotland,18,18,27,3219,36,0,11,0,0,17,4,0,0.31,0.31,0,21,27,0,0,9,2,12,9,7,10,0,0,0,0.48,189,89,805,293,0.11,20,26.66545455,2,19,418
David Silva,505526400,08-01-86,Premier League,2018/2019,Striker,Manchester City,1088,1323,Spain,16,17,35,2411,33,6,8,0,0,14,3,0,0.52,0.3,0.22,17,28,4,2,3,5,8,9,7,7,0.33,0.14,402,0.52,172,73,804,301,0.11,7,27.81272727,-1,22,88
Virgil van Dijk,678931200,08-07-91,Premier League,2018/2019,Striker,Liverpool,1675,1710,Netherlands,19,19,29,3385,38,4,2,0,0,19,1,0,0.16,0.05,0.11,21,28,2,2,1,1,12,9,8,11,0.11,0.11,846,0.51,178,89,3385,1693,0.03,6,27.54727273,5,201,152
Bernardo Silva,776476800,10-08-94,Premier League,2018/2019,Striker,Manchester City,1470,1383,Portugal,18,18,26,2853,36,7,7,0,0,22,3,0,0.44,0.22,0.22,18,30,2,5,4,3,8,10,11,11,0.12,0.33,408,0.69,130,79,951,408,0.09,5,29.88,-1,58,85
Ryan Fraser,762048000,24-02-94,Premier League,2018/2019,Striker,AFC Bournemouth,1605,1568,Scotland,19,19,27,3173,38,7,14,0,0,61,2,0,0.6,0.4,0.2,10,30,5,2,5,9,6,4,23,38,0.28,0.11,453,1.73,52,84,1587,227,0.06,3,29.74545455,-1,9,95
Leroy Sané,821318400,11-01-96,Premier League,2018/2019,Striker,Manchester City,1024,843,Germany,16,15,25,1867,31,10,10,0,0,14,1,0,0.96,0.48,0.48,16,34,5,5,6,4,8,8,8,6,0.44,0.53,187,0.67,133,60,1867,187,0.05,3,33.69272727,-1,4,19
Gylfi Sigurdsson,621216000,08-09-89,Premier League,2018/2019,Striker,Everton,1602,1532,Iceland,19,19,31,3134,38,13,6,2,3,40,3,0,0.55,0.17,0.37,14,34,7,6,2,4,9,5,19,21,0.39,0.35,241,1.15,78,82,1045,522,0.09,2,33.22636364,-1,86,43
Paul Pogba,732153600,15-03-93,Premier League,2018/2019,Striker,Manchester United,1517,1494,France,18,17,28,3011,35,13,9,7,3,41,6,0,0.66,0.27,0.39,7,35,10,3,4,5,2,5,20,21,0.59,0.18,232,1.23,73,86,502,335,0.18,1,34.04727273,-1,30,37
Luka Milivojević,670982400,07-04-91,Premier League,2018/2019,Striker,Crystal Palace,1710,1710,Serbia,19,19,29,3420,38,12,2,10,1,47,10,0,0.37,0.05,0.32,12,40,7,5,0,2,7,5,20,27,0.37,0.26,285,1.24,73,90,342,1710,0.26,1,39.01272727,-1,210,59
Eden Hazard,663206400,07-01-91,Premier League,2018/2019,Striker,Chelsea,1527,1399,Belgium,19,18,30,2926,37,16,15,4,0,34,2,0,0.95,0.46,0.49,15,49,11,5,10,5,10,5,9,25,0.65,0.32,183,1.05,86,79,1463,195,0.06,1,48.49090909,-1,5,18
